	Sample1	Sample2	Sample3	Sample4	Sample5	Sample6	Sample7	Sample8	Sample9	Sample10	Sample11	Sample12	Sample13	Sample14	Sample15	Sample16	Sample17	Sample18	Sample19	Sample20	Sample21	Sample22	Sample23	Sample24	Sample25	Sample26	Sample27	Sample28	Sample29	Sample30	Sample31	Sample32	Sample33	Sample34	Sample35	Sample36	Sample37	Sample38	Sample39	Sample40	Sample41	Sample42	Sample43	Sample44	Sample45	Sample46	Sample47	Sample48	Sample49	Sample50
Gene1	0.06648762801875874	0.3888598328171736	0.10568637899518063	0.4460029142569949	0.8282933797954869	0.4777394583212905	0.6241751815316793	0.6254414802843533	0.964820813867357	0.8762873479265345	0.30198802964398497	0.9463750901004189	0.4458401055570709	0.3458681013216227	0.6171314378720816	0.7085404807062692	0.21607553483929443	0.19497874511312174	0.6054696454838924	0.7511054565818313	0.5122321291593649	0.6428792304249634	0.9054474234162692	0.17838724873619483	0.4661683127572468	0.43606646138748095	0.4236931366070591	0.6289007744060069	0.2331225903571269	0.1395129620714476	0.7674962869087071	0.8586179722904013	0.22304484402299907	0.15954967459458014	0.008595427530057487	0.7846492060428027	0.3004305619403834	0.8192804850931641	0.3211452401651993	0.8856749465327477	0.2368898288425234	0.09126512352355254	0.9679833383478104	0.7024655447220661	0.41626561292266084	0.868755385323938	0.7443810975769771	0.592474011364422	0.11990335437418398	0.8089025029355013
Gene2	0.5229710314086191	0.7994496891332884	0.6866142361132725	0.25545781176882876	0.46019274741842253	0.6769939950231498	0.39517142936819893	0.37306103735662466	0.5109868901860891	0.019281202803213104	0.47552048934710145	0.6811201533211518	0.47962211031561675	0.273064670662153	0.09755909480966951	0.7930151095382633	0.25217071200960783	0.5979820006946049	0.9392252149842248	0.33982348857479394	0.9391568729233657	0.7419386298180753	0.08032228565577315	0.9248102520492089	0.38904903558248316	0.2670772102299416	0.4837128836476756	0.7430065316119859	0.5247421239690556	0.13789449257184605	0.9451774269357203	0.018208556971790912	0.5890768161375423	0.4784456011968816	0.5723153032489497	0.7819673673257215	0.7412156619039129	0.19281030533749044	0.5400160584632258	0.9286227922301199	0.11083175897711395	0.15772603667270113	0.9295836343712847	0.9774896109749127	0.038111225696714435	0.12038294602037658	0.00883083007486496	0.4703672184531875	0.35999190121421754	0.3586876121329823
Gene3	0.9003722135026532	0.66516954719825	0.24549766737029077	0.7615179513769511	0.3278327491829599	0.2779860610152832	0.6506288095990809	0.2775013543436723	0.026871274072103546	0.5074729537464628	0.7229703290189374	0.8552123696877906	0.7681337990445347	0.9668588998352876	0.019724351494553316	0.5601986493419402	0.8462911456801596	0.18131797892375168	0.5958337007289348	0.3403390128666507	0.9076901296693617	0.9811077080680397	0.9956036233465577	0.5828995013127082	0.5303095493190335	0.6050944003291805	0.44028445951501605	0.7451619265861791	0.27949667651453614	0.5469942524172069	0.9070507162078448	0.9460048874696569	0.5686282843927045	0.2660081649298709	0.27986032114384496	0.5186792020137546	0.6388570733995027	0.4848222692871673	0.3297643334832383	0.7834717251971477	0.815200040119202	0.8808497391381088	0.1634816526420384	0.005021721163016912	0.8068230985849916	0.531321410213652	0.8728260181448685	0.4364276356435778	0.7808863566457616	0.3569421945745571
Gene4	0.30682875413275146	0.14357698337035407	0.01005490840454426	0.4202688167499564	0.4780004276001627	0.4190819608852102	0.29461143923786826	0.95342584860629	0.40644039290521217	0.568491450643508	0.41898445015621255	0.9879741249634016	0.3393265613503679	0.40000178889363824	0.9059986579558768	0.39127660974641243	0.2596775100597134	0.6152671666421384	0.06093985171169192	0.9632355689306509	0.4117256592794184	0.4105177143716173	0.5465552377928394	0.5588686076408568	0.23375233828991626	0.8952077704316875	0.6786757909659722	0.042900995382431306	0.6933843120934701	0.19951547716311746	0.9749715993319562	0.3361973549202286	0.27623886451984003	0.16287762398730077	0.9296974973890786	0.18483013444535534	0.31871626120077967	0.5899290001135954	0.06642528909098444	0.5484318788572852	0.9289669457345663	0.6865602693809709	0.25590412305902777	0.35891393042259234	0.8666154689609162	0.27634909732733337	0.05655803913176005	0.43469234434705517	0.47640309658646995	0.8967085287157529
Gene5	0.11108769177759126	0.41470227183346153	0.5929144909013198	0.16560030115372137	0.9151483219241736	0.7655446411759265	0.008643749568389647	0.47401427177551325	0.3197763350237688	0.43473817666131	0.08716647995661708	0.2266043802195743	0.33607731336188895	0.10089293567397228	0.2336767521771096	0.8687804896288084	0.9636295935134465	0.9640609920398213	0.474022278304595	0.2462531251700404	0.6763902715329626	0.0534483722678859	0.29919740987437926	0.12420866097691396	0.456716612927182	0.5705808051558693	0.7020159531478879	0.4855298872248389	0.785529467690353	0.23844575873448515	0.4507929442053583	0.6267066981766062	0.894096976307117	0.6726945829839879	0.2265292471698097	0.7720667695009877	0.4249071621742786	0.09262850634453323	0.06931132088656744	0.18170251888653888	0.4727629506151848	0.9015968650532652	0.05297996704759389	0.9366998560656635	0.8910078947871036	0.9642531181060414	0.09307967410027951	0.563312606654851	0.4009824748014532	0.4727052789671202
Gene6	0.45374226414142294	0.030683839740607288	0.4357639324412611	0.20477813667893896	0.9700662680489456	0.43925519297237636	0.5829022105763326	0.5648679721185167	0.5865000265457222	0.31939712240626383	0.3107283370262349	0.4038828662743953	0.44830859927725275	0.5279115163205013	0.614759249149225	0.01277086324515364	0.04603488934655442	0.5472432553388273	0.7789285596849119	0.13364734495299257	0.30618384253259334	0.168549944991776	0.5077207818777274	0.31491621350083054	0.07739875026240817	0.18501824469943984	0.1968830728259685	0.6826256432800083	0.9611170848484095	0.33851184322130157	0.8470039500959543	0.08242766468798668	0.29093537264493585	0.5398188700050673	0.49415333874356515	0.3110572885214433	0.17702727577246868	0.7519250441464379	0.14502704314990766	0.21408848653108958	0.21421103885523607	0.8382019931218863	0.5860825808368023	0.6646384913569128	0.8154207668386333	0.568899727210368	0.8614860109096285	0.5025099281359722	0.5065869428639639	0.883805780244466
Gene7	0.7030138427371468	0.704240737181106	0.45316692990840035	0.40370095999994926	0.1145196381491993	0.8892240026862972	0.8280533369741719	0.5568622861246759	0.6017709805064194	0.8438924509532888	0.3887296731108163	0.6745907197378802	0.5003801933898889	0.9677643699414477	0.12915301262172296	0.30360028750860746	0.059876437077526434	0.0030090036893817285	0.06734603196333455	0.08745171179629585	0.45153031144478073	0.10757064458198495	0.08724804199695568	0.35345458424038434	0.1250962261417805	0.28888091192379606	0.5004076715449807	0.5307895801677607	0.9975518360863987	0.8739407413465782	0.9624345330122998	0.939667508203122	0.22077453129253966	0.9682014659796169	0.884766592056578	0.6783779507021795	0.228485215126074	0.5795661373003939	0.4683394855540721	0.6637551330855637	0.522690126024326	0.44190927618017783	0.9324058082725741	0.9855695650768194	0.29011473056293247	0.6341772474216291	0.21574926672424433	0.952872957054155	0.6457813956254229	0.6706318181924855
Gene8	0.487628228834172	0.8790688905136079	0.8428531971868657	0.336304480351156	0.6613687357074142	0.22175913902092326	0.7779671799396923	0.004102812159352709	0.17594718448367797	0.04634374951278464	0.5948629860143884	0.08677909497422542	0.6909708250508271	0.7683138720557764	0.8388903965803548	0.2891740519382162	0.6507670710708761	0.43768822557978126	0.636564383678465	0.20084224855890975	0.4500173611059285	0.7154099145672449	0.7879989498208281	0.049618802790770467	0.7252110920895308	0.36690557301445115	0.8059501073294061	0.7386891804012241	0.9985768495098518	0.5806786631142942	0.5398614681948634	0.9273425737441006	0.3812759214421172	0.6804433843551193	0.40428408717079845	0.13291094688007898	0.3856996572854189	0.5063455956929731	0.5146519683562101	0.17069661606722175	0.3022130727754956	0.23701170150397943	0.1834551317594324	0.7697122363126991	0.24472535536277018	0.6503258545357532	0.20230564316980826	0.7426510653287971	0.7165698183105961	0.9423419634166846
Gene9	0.7306156567104937	0.5519256066784596	0.6525556334799514	0.7948268610028797	0.7830340782470716	0.5824726247163224	0.26547678229181493	0.14154552319782499	0.45726438546986914	0.2080312467427976	0.5919497016554185	0.9455578687154782	0.33627150845827336	0.9784555936223501	0.4093615305969204	0.8011964474430893	0.942449016270839	0.5756029136856976	0.624610281887308	0.03509396636025841	0.5862882378956057	0.459888585384565	0.4953331659461111	0.0808593492547025	0.055071629245675324	0.7810890742422666	0.2689261877173954	0.8611019799859468	0.21912466511646278	0.7962478912602031	0.299436238300565	0.5010195334342631	0.7079934750815206	0.3592285636382663	0.13098390375087587	0.019107726326975105	0.5589842933450134	0.6579674544126285	0.5548705872487081	0.9265804468059888	0.31819584903035847	0.9366736347202278	0.5594159222389167	0.6852681502418222	0.40598991881606916	0.13613136002343507	0.8633360070668766	0.05729902881998006	0.4111020572488192	0.5460745921546601
Gene10	0.2619667030636026	0.4690811218320321	0.9702907378047562	0.012852934855819065	0.8833187799952742	0.5993029474889384	0.9369123710414247	0.16059294835743165	0.4779988932679946	0.049169480078437244	0.4085634845762315	0.004042475837593429	0.11623142164402311	0.04319901503945722	0.3268725448617462	0.5465162719658292	0.7643828679076409	0.03169056741942933	0.8575501420114169	0.5626463229477596	0.07208643275963611	0.31631903715736287	0.9329890109514769	0.5239015013650958	0.4057104156024459	0.677141822826952	0.44371131716820345	0.10070261397730929	0.06397878054177086	0.6083281351025607	0.5084632106956894	0.3912089573910158	0.623966168287149	0.02603475864923832	0.20688591217956886	0.13009852912303155	0.8219948165030082	0.4919500440451102	0.1704143413324063	0.6342939722132266	0.5974677062681614	0.5703874317556569	0.9923199991370455	0.4138673415697358	0.5517668612635842	0.10933202252350904	0.08325186590682587	0.3683218818706411	0.8634997098432785	0.5502694601786992
Gene11	0.7009837107225809	0.5040283765008172	0.8209835663027382	0.942164393770373	0.7873827228519072	0.2758515472468043	0.06872052286089514	0.22324657865138942	0.0002965446357272583	0.6453569782513692	0.5698944260004211	0.29320174100658514	0.37760376204438806	0.9148256027256764	0.916828680550504	0.5691648278186466	0.5819512968417715	0.42342654793927126	0.7332586808619379	0.5500516032123194	0.2891705591022792	0.037189124051405065	0.4204266601120864	0.5122865043473135	0.8747598302670674	0.19800147693702075	0.22061268330437767	0.3107978723863697	0.33468635647530853	0.5064140805784144	0.5660910154072416	0.17969419440220857	0.6386209098104954	0.505358551278285	0.0892591322486066	0.28507657526363306	0.6925550091097491	0.3952905480877116	0.5909796263737838	0.18755056671022463	0.4125670307679965	0.5230179573393218	0.18620933505422677	0.8447083421030569	0.21987833844840987	0.5777740582911748	0.8101011045325494	0.7934905977030599	0.4072699304669041	0.11890522601802533
Gene12	0.7316396030834141	0.327635559194542	0.7013161323088986	0.4094255227518201	0.07026585742593938	0.4369238608640357	0.5609982866454067	0.5725157149894475	0.13580064748640253	0.8762283081560934	0.34341616293722277	0.46774225433923666	0.8990649948588261	0.936527711931153	0.19726463310351805	0.16228015796768547	0.4863036964948846	0.2271781415894092	0.724550943139565	0.12623556510246037	0.9099389868803529	0.3140172117645855	0.6644791848278425	0.6507387011973046	0.6025853786582757	0.1884350245419114	0.908060509035298	0.851496600844812	0.888617503534657	0.36766936076799916	0.6838386640544631	0.6411816378390479	0.05947213064843393	0.03063776164165466	0.016764948019268977	0.31085861461814424	0.37043996009309565	0.5914768904268999	0.47296634742903354	0.4243620223783837	0.47769712103294615	0.6381633036369719	0.03129972926968505	0.68912969042748	0.5807076635993765	0.9316066813978876	0.5067180847547067	0.77123564996249	0.04330574568610368	0.9067686333266746
Gene13	0.343132744352304	0.2791541055625285	0.2916145280967055	0.08304382549951783	0.7011391175982871	0.57131403535791	0.25136277968045273	0.703649312182874	0.2768682053579644	0.9205653179238791	0.33795037552957186	0.7119170329525955	0.8167351407117346	0.6108695607276704	0.2379737998842102	0.5564824639773442	0.3136719372715825	0.015836732519249663	0.8110333933505214	0.40304779633687626	0.9769828223238031	0.8804136090164721	0.08747325092913494	0.4059690213589575	0.43376949170715084	0.21811650179130782	0.5826608229819382	0.08922229348123223	0.2851309266240689	0.3371008879440972	0.5248132179392146	0.844401477346291	0.27349104984481476	0.5475231920537381	0.759358929289239	0.17788954162742332	0.23418642451967953	0.41550437291712694	0.39409775043222484	0.6048152424383013	0.6133053469943176	0.538140680790349	0.583186352102921	0.3829005027200372	0.18594232808736733	0.8316724321342274	0.7354260633600368	0.08653258122307006	0.07542968113848103	0.9590191732390015
Gene14	0.6615057133866001	0.0745394287575637	0.6083933286199283	0.08863322713521582	0.18249918167628754	0.4456761775518695	0.7936012350782582	0.7848776482536407	0.17321432301800832	0.9569753646866045	0.37710811448134973	0.1284198698233585	0.2956064116208369	0.6976497025770751	0.7179122424714175	0.6456050413032893	0.38961619301250305	0.9585747459978476	0.8187484330500154	0.5095303905488634	0.47629603405566234	0.773077754068216	0.7064920563079776	0.30189345153920044	0.9643280688340066	0.014145581432441157	0.4564793518813618	0.4010566071908035	0.3347454538854333	0.9948781038213738	0.9216770339637369	0.00014161484465902152	0.8251886807631736	0.9156774110533835	0.13504624136889187	0.8837346729946313	0.05418628789917568	0.003161367178532104	0.1145087352186831	0.8288833088787658	0.8681831118713244	0.35412869310022455	0.28516726118961433	0.49924261275765036	0.714230408996094	0.34914951070059186	0.4475200889525447	0.726528327138346	0.8683661816086069	0.708006276279055
Gene15	0.5728349092422408	0.7837733102342431	0.6531356549657041	0.43765784166267885	0.20389149730906198	0.6997668609459433	0.42589624258868597	0.07930830317306714	0.8464767353312798	0.03136849271223896	0.37542281671893407	0.7592257698608899	0.7147075616732415	0.08123210036082218	0.5765786056414082	0.33120482658739614	0.4061142633479251	0.46829936392768223	0.1043635771996364	0.8852199776544972	0.5834488288085737	0.8407175672562399	0.17963118966086566	0.8798171102674651	0.79086008023977	0.5623233303267338	0.9546031833248552	0.6888818567590699	0.4644114451373176	0.7194406868940351	0.8486781040203825	0.8892390759756235	0.23214812857554434	0.15435063581258768	0.9273463181182225	0.8988317269607189	0.15208259972060156	0.16159466636927	0.14644431440116235	0.36068437655736074	0.4064229338654003	0.8728504826368702	0.2998618335664577	0.5604150413419902	0.19735100877696765	0.9056270733944835	0.8902972640822653	0.32512740752132907	0.41406909861763064	0.418327425303089
Gene16	0.17988413324371877	0.5983981375698877	0.6493029102579032	0.11542559073614522	0.8721405171834818	0.8170205428179369	0.5083633034709547	0.304056066666073	0.3392175876961848	0.013864277713207973	0.6899674480241128	0.06211802096629482	0.6364633882399061	0.9649033954267842	0.8273272460525148	0.7576799877464825	0.9395750858410933	0.4460420943712735	0.9610464703248154	0.08914666110725888	0.9328039577823037	0.014041396674964401	0.6800824053969319	0.6714377164259344	0.8069179421592068	0.9107019953652867	0.886066679899802	0.8651450894186993	0.31602555956934153	0.17902373344751676	0.26415907531667004	0.3075139895773805	0.09183139584460998	0.7001183781371993	0.997067220047161	0.26612931152907915	0.8896878750192669	0.414156323819897	0.6716644403611167	0.5918674398768542	0.5327381376958	0.8973578466083231	0.3568820778718519	0.12015666832507543	0.17946964762357842	0.8981244128994214	0.9480597045127903	0.8752984423236274	0.9909405019019575	0.8226115914912964
Gene17	0.34369013481610544	0.1634379077067164	0.5884194841985858	0.14773892755737006	0.28935706968889485	0.5082451420093057	0.19671032440056402	0.37471535212178986	0.5710522421958378	0.4319115973425538	0.45702533845817817	0.9566974149025395	0.19456294426529608	0.4309014542412385	0.3811211918580395	0.4787923870643408	0.4072460192487719	0.47871718456857304	0.3043782536408922	0.4529293483583726	0.14483669994884596	0.09913806056312968	0.0833411030724519	0.09972265809100644	0.7678795550914947	0.06650323186457541	0.287417082835131	0.6401897249859879	0.6774672216541147	0.8969469231197889	0.3432498232627733	0.8753356155055895	0.8881824696990156	0.9160555033485577	0.8314269639095412	0.16145832380472247	0.5052778037547719	0.020017874780947964	0.07528074953147734	0.022975605963122314	0.4499343825455542	0.38390714926566505	0.8793639424986603	0.9694100068456403	0.60643268588067	0.972998223592291	0.6484384449965266	0.12887459306202298	0.2041491757056202	0.31332323166892573
Gene18	0.6632008706900638	0.014901535774997754	0.6079094879637164	0.4967266182916704	0.23380187828472387	0.20095310680592682	0.13259556711908682	0.13478801397755336	0.2306329162435914	0.9365930288364016	0.9127363408695733	0.12147485250370893	0.6949808300431051	0.42105899171741523	0.009555071155967987	0.23127862063544047	0.2138464037835348	0.8199708218818008	0.7431224855095173	0.7963291488335699	0.31197363837009207	0.42350162335206654	0.36335009349489045	0.091356102660616	0.06989853248078504	0.9692906900549011	0.18938785646890732	0.1632590069758909	0.7032533327282513	0.21734400666906972	0.6164098326462215	0.27115563930166975	0.6720721042094981	0.02197261022483843	0.5787735434762772	0.3556483353485449	0.5653124281804367	0.7249935492452311	0.1963112311776567	0.7350520812807226	0.3885936099248316	0.08305534405833159	0.21511203177043992	0.36867720364345435	0.6207537832923079	0.6866501733186169	0.45731163619625026	0.1987205509831793	0.049938862154887964	0.9590813603986441
Gene19	0.08517573174750281	0.8126386292520468	0.42090956139378444	0.10062887207291038	0.6722900177346395	0.20241974720375533	0.3957224713174333	0.6341353794948297	0.17083053569975015	0.8576679664254571	0.13563089343256207	0.7657056468459496	0.07084960879963142	0.017994969464685262	0.47207516021893636	0.2927360807837547	0.6210635698239613	0.2757622756472212	0.05142817146770495	0.33787902189943175	0.21520384712709884	0.505781953286718	0.37298738900323936	0.5473511377389506	0.3727741647549294	0.8409893647764165	0.18246673591510776	0.258387796848182	0.2608293205741652	0.15364163810831166	0.7736225108401148	0.5378247176851101	0.9744740451912762	0.2431143853281591	0.9282536321686675	0.8441513248472741	0.3877648470116054	0.9236303676538081	0.980140252901143	0.35179810367634545	0.7430998671153318	0.9243678197023222	0.49799154847351945	0.38428187514594503	0.5026320763466331	0.28447702523280316	0.4958078416536069	0.10043796756959122	0.04457390182397902	0.22107658444317702
Gene20	0.005778677484391204	0.7428281311413192	0.5462623174301738	0.27661784059295347	0.7036286993686199	0.507212042755171	0.4272413213707362	0.7770259593105786	0.6556994218161889	0.05789208073375485	0.6539253864921404	0.9716117786221302	0.6875213478881944	0.14622487103854986	0.04120969891649995	0.5910589440444787	0.8133353360937867	0.12080294277169412	0.11192108298566028	0.394209803457511	0.9675947521004666	0.8019188955441005	0.5777024286228567	0.44867962731570243	0.7977576976510414	0.7542578695600604	0.9081634413056134	0.69747342860279	0.7232711367580971	0.95828758487056	0.8333565383950958	0.4670268114405832	0.5678902600766997	0.7898356344270494	0.7956574177952743	0.5836504917317621	0.0502052559858035	0.48039228184909044	0.20005771434574393	0.962855908668883	0.8225198675090521	0.344751686533051	0.040778635843606414	0.22619725791265555	0.31070399010502703	0.2696586161186696	0.8388147084764793	0.8520305473238005	0.5338698148779538	0.29566781947455933
Gene21	0.37235387427510824	0.36338715110193764	0.5954480169001776	0.16561033072193043	0.9292182274156081	0.4825025233106195	0.8187552999819845	0.8441218613920035	0.3231886392584018	0.3284050459696638	0.2551721768594428	0.6261760952032567	0.2641058802578319	0.46917810600214316	0.6171715221604568	0.5725840100272476	0.2410546258591324	0.919720201802545	0.1470295720415934	0.9282293295530248	0.6406362741922582	0.13030966073482886	0.9220994609309378	0.9453619528908611	0.2438442858137002	0.16599402033908273	0.9372522966863173	0.48747213968328496	0.6054319233694453	0.9949637543214562	0.5985565714711922	0.5385893045655641	0.5915259671627215	0.1297051654663962	0.6319153907890571	0.4431290192397799	0.24775732157172592	0.44238562096453604	0.5374184821256666	0.32398875695342844	0.5297435707867064	0.14478126637214628	0.2380540833147986	0.4918804911807727	0.48125405889229433	0.4167540452151888	0.6355148322544555	0.828524723057146	0.9360987921257107	0.8614789702507876
Gene22	0.8226445472695123	0.3539893585662581	0.591816069471388	0.1713654565634649	0.45083906029760434	0.3888553259853774	0.6889512137708782	0.7483068853171732	0.9636570432323476	0.68274025002706	0.7715211919072653	0.025832935673975266	0.5174546545268867	0.26705617088713784	0.9066115122357106	0.759420193749561	0.8003483004319251	0.700652584780072	0.65600921279435	0.25323746675311953	0.8382455044649945	0.4671315860137156	0.5588497085012286	0.6174930736385238	0.8853704518262612	0.595223455336757	0.0838730864484667	0.6028303886849155	0.312067152938724	0.9235757041985511	0.5447445995247024	0.08298454735597227	0.02232195241702284	0.37750448050786845	0.35132624955845915	0.20014738971676405	0.41752463829191444	0.22922247928821315	0.2947420782072937	0.6721523326647959	0.4559423476900194	0.8129164827922836	0.5118266212918534	0.17354090940159184	0.5719837363241298	0.7757126655823111	0.40492749826414276	0.9313022925846552	0.4304817020999897	0.12903663333586213
Gene23	0.24656174721215995	0.5781559872223038	0.5533733751764551	0.4001808559206188	0.08467986788952908	0.03251808555770552	0.42235267130528964	0.03027585240381858	0.5607849087579951	0.5587830786114383	0.30901533973533124	0.9904117435451459	0.9929486019349	0.543998265433938	0.9348338844431499	0.21429211450615315	0.7525417584377667	0.20847305854803688	0.7859530829827307	0.6587906312715776	0.24904470482079522	0.4235133173815694	0.1273377970630606	0.6078030091562443	0.993880894504095	0.6764728341658097	0.1001897680149022	0.23039447044749362	0.4044562263158227	0.11588745474009077	0.35093662992836905	0.7569182550014557	0.7387033968107152	0.434004364118485	0.0834703860160374	0.6691147597432835	0.6374689005609178	0.33128316764357735	0.46844508167651944	0.6062925369622276	0.25308580923733004	0.038666849117788504	0.6682493393203839	0.5710302902691973	0.1584296171324503	0.5984548618981531	0.7045142679798232	0.9408169801143957	0.45851183322548184	0.6995847342419287
Gene24	0.5075253931049987	0.23005509544693625	0.3500808269164677	0.15055067621945817	0.166602653401287	0.06981290181628907	0.4180571433968996	0.4648559348205997	0.23263865768300118	0.4401893658848518	0.8255500035695036	0.9407856771196181	0.8157463527878341	0.7571531809060005	0.875185193351584	0.39024413606083985	0.2523935493180761	0.29852394664898907	0.09916930427528658	0.8499614676650847	0.6745971562861114	0.9981546676603442	0.8524692040701468	0.013278410516565975	0.6511173040230577	0.49607424330956906	0.34730340218026123	0.645781514091277	0.12988323760781384	0.26049231960061214	0.981609686287132	0.6952356600014831	0.06743411146032086	0.05363031072843283	0.09314675587067311	0.86910994230774	0.19619402403840736	0.41115884865629104	0.46818372633341776	0.5648867253963363	0.8298836200730318	0.697896446404967	0.5702609626083307	0.30169521427609236	0.5412489527548594	0.957681928052375	0.9210655846347736	0.602139280210317	0.9506956434911483	0.7370365517584729
Gene25	0.8142534024015385	0.29169015208486115	0.09637477206578371	0.6831580311605332	0.9844260032975082	0.281074595549337	0.864752823600773	0.7001477246638906	0.4390489273925181	0.2958095867068138	0.3840300234061492	0.5012471104757636	0.057336447626474274	0.4326372899163037	0.4733204122765582	0.9355626711208951	0.9939819675894208	0.4182109239922548	0.8022002307405166	0.9164392371791872	0.08338504169705152	0.8982344801595595	0.22920490639831648	0.08329160495877364	0.271040392038434	0.3925445652447259	0.42373954906279465	0.10371721921371746	0.4767049728682359	0.5224189796949337	0.676746384030133	0.31331976863261257	0.4265375862127323	0.6488664801498464	0.25925302858859767	0.5917962659584359	0.6744632565250859	0.06799462948944879	0.23426583543550605	0.5373377908383986	0.3859009659647714	0.41687720288908403	0.8161514525356514	0.001395730556626007	0.869871360917657	0.7204660016705718	0.38300148217506724	0.7021374086476734	0.28695545992161564	0.134129156351392
Gene26	0.6585727476073594	0.5140447944511803	0.7038530276645196	0.7094318808955383	0.031139637750359328	0.7406420510352182	0.8799649082530581	0.6305968895193657	0.6969778042093625	0.4936626687907504	0.43351787340147674	0.2890849811354427	0.7363637328332406	0.6506424040770817	0.7554380722646175	0.16432572516272248	0.5875999087280129	0.015858852663711676	0.6498301189721385	0.473273008320528	0.5869131809946351	0.24687055256752688	0.5415626658979864	0.10154292072053372	0.0066424085819838385	0.3452903755027549	0.43166582169376677	0.7822122342266441	0.6582644038303911	0.6519556344044521	0.783939497224465	0.19959311383778633	0.5611407526142653	0.8509230555558205	0.08882512200158443	0.016585144061808332	0.358173102140098	0.7673361687354754	0.8607178326256363	0.27399815497914104	0.8608007597736147	0.007374702107756037	0.5215398162180452	0.6655123717519971	0.8308633536493207	0.5492222132007238	0.8847297372350208	0.17862544776288436	0.7644742270577912	0.4841136000742472
Gene27	0.9322117846475623	0.3419479754532124	0.5030760454429554	0.921776773831518	0.27658368813347867	0.2886210893108744	0.8925782122626532	0.4928637282620053	0.9109897583430009	0.7198273337402633	0.6648796992595539	0.27643702075393706	0.24825236922894356	0.4328375650928543	0.5524283718966986	0.6256927228726248	0.6133802328720661	0.3276722235481774	0.07420779997760718	0.13161164177168083	0.8941443834250719	0.6004184501218996	0.6973478398781247	0.3326692436951748	0.04997115915086714	0.5407490817119858	0.15261934400467536	0.5277461087602457	0.39980506733085364	0.6501439871837019	0.8884279568642183	0.3288101118158083	0.9755454280040888	0.8817107343727575	0.8021307996312264	0.9435240399143329	0.8245247475656975	0.13531238940057566	0.6013100286356378	0.32119395091594893	0.5583593566624429	0.735803636394189	0.8434496200491672	0.4833534868669298	0.10862591558134249	0.6542623991662735	0.25449466170879487	0.8687611647417861	0.7939520450965342	0.8234467377281853
Gene28	0.9597287871087208	0.34844465866726315	0.8689245823522432	0.5632795046129355	0.9962777154720932	0.7251095475400775	0.045328437591291015	0.1419655706688333	0.7851912084296246	0.2886842647669279	0.009077202947996632	0.002960974565755503	0.3308757829960871	0.5768072587780793	0.8544507134613935	0.42120351469085626	0.6707065784593074	0.6971730864113418	0.886336141526686	0.08574956579800841	0.9425539657319814	0.3247156058795492	0.7561454473997612	0.8942253619199295	0.586759248082393	0.609882392678757	0.6183052533004936	0.05787656918764306	0.41760907187675034	0.096582478920202	0.9405668809274897	0.7576710889204868	0.0028149045496735914	0.4406088253793985	0.18109390241298529	0.6194932626574096	0.3267732114982005	0.14793672706849426	0.1564893587448184	0.9620731255898732	0.4124648311149378	0.984045870273535	0.9236371939068213	0.2918794898095495	0.9365376442539791	0.17617538156443235	0.2562469817767331	0.38674734068830297	0.9345626047509887	0.29261806955328606
Gene29	0.6691986726319062	0.392661881813579	0.35011492958955337	0.5193732236399942	0.41457763895708055	0.8852988543085639	0.2275412050876302	0.6906394880078688	0.8481507658753789	0.06068254115701466	0.8546652488832556	0.3775426234166248	0.6023078178637951	0.27134959027600336	0.7839398497430594	0.3152331901276211	0.4912891957573118	0.5660513731265393	0.28340856924645097	0.6581928219739912	0.6972573874822858	0.38496737109308543	0.3317664425050658	0.6438025764403378	0.3921389592608018	0.40400023924617146	0.611717023709884	0.8255639983538265	0.5479852246841713	0.4940295283282271	0.008572024378044496	0.12314193978826027	0.992162188625954	0.40995701431079123	0.5914990840229412	0.34620161692808793	0.9747389809514416	0.25175619017731055	0.06398824901606126	0.7392535721073873	0.5826363184101281	0.9398156479481179	0.7205669028634214	0.8259868353737106	0.42685709982080844	0.7469456590114462	0.8345802822234057	0.4036346853723194	0.19264710809834207	0.01889001050681527
Gene30	0.9735064133232281	0.8177733455830732	0.6233053632186326	0.8970120763624331	0.9030751885760296	0.10818796109181283	0.02892359782628684	0.6880473291017756	0.10392669350793715	0.12851312559413708	0.8918947463097358	0.34492662759276604	0.014520938272795103	0.6756076885688914	0.7862300367634685	0.471881613681017	0.2740601884175463	0.7042902287419994	0.9036905363885941	0.7221697409231638	0.3054282129453314	0.7604314273670498	0.6508871833637656	0.8816022911849426	0.6837339501308384	0.5520508846205773	0.22553007185854268	0.7407971001546982	0.01969864094534013	0.6563346951554674	0.34710583102354775	0.42121701117075794	0.16715858010893647	0.11093679892271313	0.04527417721014304	0.6055665863429184	0.7775293726848805	0.27794349786227057	0.8562088489137831	0.3577747248821286	0.6129065265621015	0.4189699742193673	0.31459146870034094	0.487665360054774	0.6759274494488631	0.8692879796576943	0.6379783558996504	0.5735859608654789	0.9388783455203746	0.794687868350261
Gene31	0.6982394333304889	0.08861646618898911	0.22298849407486832	0.8269285196881493	0.7841308122049986	0.4410870116030349	0.6270249713187118	0.3756310936651571	0.30911195613998776	0.9370824699767304	0.4303577885152806	0.344219188045772	0.13441819237040298	0.34925904248025674	0.7131486702245262	0.05468801085231656	0.22946186246738776	0.07922238333304221	0.9147861877736462	0.16475055559498986	0.0911512659551057	0.8566821222303167	0.1459613198107116	0.32789736863727026	0.5073971148588964	0.5551257259278637	0.0647727873102153	0.25692834443408563	0.5048542250849246	0.19227038410406283	0.6903440539582446	0.5456118776830505	0.5917843535283752	0.5460309557319283	0.7896801124517911	0.4354538307293515	0.9333153845698938	0.946616925960047	0.5860945473988136	0.3663812360092885	0.25220791707626344	0.47233221769008416	0.45220345399423156	0.7050951884847557	0.13828184209432604	0.9603957274570644	0.18658859725507448	0.6940642213300762	0.5254252656874651	0.310239199035668
Gene32	0.8795134455387726	0.13036830364158103	0.9740608847250045	0.2014810560439596	0.1898575001299293	0.6859269925509995	0.4337011037563695	0.7510912584986583	0.29101101684145103	0.7233112920742465	0.6059317097302968	0.44138486490814843	0.4881691346461374	0.02210323097425082	0.6801816133006481	0.5351200917549379	0.8190178786897023	0.413944387477183	0.31858845957771365	0.36390542042481977	0.25400335170783306	0.6264348265613645	0.34956428533199446	0.7484591684295709	0.47212833395643206	0.48891731811873174	0.7091976256652914	0.3804343313343779	0.9425533849817296	0.3378336194866711	0.8698205088367242	0.07734359102612487	0.8969051627805036	0.9500462601209623	0.8108307228986488	0.8825160871837943	0.5894538156830624	0.07255203864012738	0.6102185484848033	0.35170362254318877	0.05985922869092719	0.8399801965512163	0.24482862609668943	0.5154713204065371	0.3963649371585727	0.588007596769424	0.7717244348152305	0.561025434006057	0.08400394479565909	0.9162662741247631
Gene33	0.7282426031561886	0.0945340183048542	0.48474771558001717	0.8226761040074376	0.5080698536954861	0.7504207364958505	0.2458726461775853	0.48574869601348014	0.38896629744661737	0.2882519472188655	0.8615484012604896	0.7133139309064062	0.26352490783533267	0.863589636934261	0.9485352851076406	0.9347351772018317	0.01655719502320885	0.4590962064221559	0.8043402672149106	0.6450546240685603	0.4410953703793642	0.846287090716715	0.38540540740905826	0.8575815921119224	0.014402933376314708	0.5137015248606684	0.10335562856538683	0.6937794473619101	0.16231090794375347	0.36294217844231136	0.8449087755630785	0.4859025741377716	0.01663370910577422	0.015432038278005766	0.302906770494209	0.2621888252658071	0.5908512594691616	0.37633147761177854	0.41307504919542704	0.6482115538968845	0.9275358368231035	0.9016567003497419	0.1752588166671739	0.5035612279010858	0.4495830815448667	0.7096237918436687	0.7475663370012231	0.47064944210990467	0.9689896319730742	0.8778606070794019
Gene34	0.45085452257244485	0.019681375313770122	0.7452823698384499	0.4571317167951868	0.03428147634109269	0.6851478338135337	0.550388855751849	0.8650699644985395	0.9281903203145886	0.47328009600911713	0.21559363086296168	0.9842677743124643	0.6287039688696053	0.202485079924125	0.9113838124077087	0.7355903014248895	0.4535022121348671	0.08397842742032735	0.6558474952792199	0.5542581160372148	0.4313581345171309	0.8509811995918454	0.4179511104781344	0.4803598638418619	0.5725438343876995	0.010705190893849026	0.850062009472311	0.6188537372514246	0.9256141042360372	0.2872548575104087	0.48099828849946613	0.4383055299448655	0.4917698254653272	0.5569150577647072	0.48963344696895794	0.5124116069433317	0.0695316150805888	0.38528782378690307	0.018319169436969762	0.5725278878888281	0.5692948607130106	0.5129019487474263	0.9379312070322583	0.25098089836552084	0.4583476103602667	0.33588033482846147	0.05150802966832457	0.3093218469381236	0.636379465055775	0.247334815129979
Gene35	0.40218418691696367	0.2872275224806843	0.6312886996339567	0.2564163564391111	0.03781917709556004	0.5919250623496661	0.26925995300862926	0.6441263074962844	0.6081006706209386	0.7574572782618522	0.1054084563276152	0.03044534220907369	0.1881803350337229	0.7634784492057806	0.618536486941354	0.5463219535349336	0.3639386177324597	0.6075944373868138	0.4748387500994915	0.7471764154180796	0.4941598985914222	0.021493964059616677	0.21506358829748384	0.6480662573688717	0.9829109035282172	0.3153931780229404	0.04989324031702269	0.15017381216785708	0.17807478038794589	0.6734995236199095	0.9805916413571655	0.9335579967167955	0.06788749162470098	0.19932082448748645	0.9651765760193052	0.04441950911937409	0.409886275807822	0.38639377941639974	0.42437793253035005	0.8049421945977826	0.5918464167323811	0.581850945823694	0.21404079155678402	0.8459302433948444	0.09372915839538076	0.531528152122741	0.27434750116258544	0.17462252900640485	0.29911801252764436	0.22137752460480642
Gene36	0.07434934897299283	0.7542962365636614	0.8118028621500015	0.2936678024023338	0.7802919850760733	0.5928274439782357	0.9262300194266144	0.7353650484423426	0.5914267795042453	0.24501905347542752	0.07174175913743619	0.3432975383086596	0.24853160676055297	0.1996368561771099	0.4623157998617329	0.9362452527392254	0.2383100672400763	0.44976162770607575	0.7256691551063892	0.8571200286194386	0.7925504751205101	0.02387080485221038	0.4729597666997081	0.7383717783814255	0.12740664456735473	0.061788183768821114	0.6481818104658511	0.6035582706873128	0.4971975711503519	0.7156436042440357	0.4868035401295753	0.929583992143444	0.49267753170557693	0.2966245982060757	0.18992180660992397	0.1170311347820191	0.6541870301202916	0.19968235504837029	0.9916746655912058	0.2541173462369972	0.2769360139553755	0.531764630243437	0.9851978996109408	0.6134832708327903	0.4931762464322733	0.9430030562401782	0.2922267977400367	0.8216553338392064	0.6265027146313705	0.13729771571485827
Gene37	0.6439425652262372	0.07203932070988506	0.9032653882107184	0.35947722102680146	0.1665092881889476	0.8054639220226688	0.9643214764897926	0.42695610643635007	0.4262185403396894	0.6678376653352932	0.28040937981350367	0.4917379726705936	0.6181529497170593	0.6810290954631987	0.5729214439581549	0.03043142066401583	0.7011332759817592	0.02785847120168994	0.7615444161239877	0.35731051866270724	0.2891532917365367	0.8400870335468197	0.4524353830997023	0.5215502578645178	0.8403753658842738	0.47441141016170174	0.514926233507713	0.7155656539384615	0.7919146383722151	0.26566298869156146	0.9895404552098223	0.566160908921394	0.01156807177842023	0.35712745185322003	0.9453394135898514	0.6045574038204491	0.1538650908105892	0.5230642368361398	0.7918530039422071	0.7569212971969768	0.3096638379779224	0.10076053843070376	0.4174733834006533	0.8492814422337945	0.05874170510200849	0.1279832828059475	0.497455988662279	0.9905380868690599	0.6528348210627563	0.3716722273288553
Gene38	0.3560422760066573	0.6801776761031215	0.8779435249594288	0.5949052741042021	0.6557184054543225	0.5054511278512359	0.265815972512229	0.9140988915060557	0.11196517913268478	0.47081746114421297	0.5988344889782703	0.4673177130816395	0.7513505945229708	0.150817304924993	0.7023450250702843	0.1799708390140059	0.08478253232097022	0.11900268749394405	0.11845070765622356	0.9146099998421652	0.24527827451836393	0.1508184000068432	0.09934720351151383	0.8012478430042678	0.9606630627650167	0.31604589858133947	0.9673406757021942	0.9813379975137845	0.8683173552276409	0.22780449538707837	0.39725401014222395	0.5664718162094026	0.7313942767458649	0.6189211213190502	0.3425103403751688	0.9523985112866666	0.29028869016326453	0.03728359576206497	0.6444465457766764	0.3280103173307446	0.6739378667106188	0.28573696863535836	0.6747194164576945	0.807818944770502	0.27510056909576164	0.17174234556969603	0.4001711547518264	0.1773664861001849	0.0985409845564007	0.22816734112516757
Gene39	0.07149604940098453	0.4664515324952907	0.8389636750834332	0.23562755060045504	0.3969907305910386	0.6874838994212105	0.2635392299741317	0.07888757049235773	0.35899566442591124	0.10569990022584563	0.8414150754882148	0.8465459112680976	0.997810724891556	0.14990630380649939	0.3037027765978352	0.8202608182502498	0.6728153458980799	0.24421959284120998	0.43013081065822	0.6362710201792809	0.6865866438898764	0.2316703219754157	0.5656446739765932	0.12609732495920511	0.798377893866537	0.36810741918308576	0.09571270027213696	0.5498880502888623	0.1376378777495625	0.32438080473369446	0.07450272870550523	0.7593432503528706	0.038115266600036835	0.8324236307434681	0.5270929655047977	0.9955706433614109	0.6888796658489628	0.3179004179526751	0.4506537498363441	0.19212038038810564	0.27027463218731784	0.21728699471616675	0.7419283481107093	0.5870869934062446	0.18374509441553732	0.09792102933691915	0.031332190178190444	0.9462254156921749	0.6960294459420391	0.8491673814538047
Gene40	0.2332730965081461	0.6122653617400445	0.6520508781002194	0.4159600052830583	0.17685509617827866	0.49270707269470937	0.7735758252818796	0.6705906126391039	0.36987116569697487	0.7865027297865769	0.8866492232656168	0.34031147200859035	0.22886873992668677	0.2556799097463659	0.08287957650414635	0.7786516078820238	0.7180471691888844	0.8321159938894372	0.5236099631436381	0.04093225599811756	0.010143972598571138	0.46813431066829947	0.4144073984484059	0.9876511045965191	0.48533569009561095	0.30116069761184905	0.11627913004736157	0.5612136239950638	0.7991276204719675	0.6717185024789071	0.6485640762837892	0.6097639186010793	0.8475653671175012	0.7672437067293674	0.6773628616410725	0.13059649289009534	0.06146471910336038	0.7340052661150602	0.3117370016780677	0.2517602500425983	0.3853729772424408	0.8479655033882748	0.9898672363075229	0.27496629777404935	0.6363312412595384	0.39538457421141426	0.49312901806294995	0.5750529340300015	0.3483001254258071	0.25985641418987737
Gene41	0.03920653895725157	0.07776565365260601	0.7479303698635774	0.825043126853966	0.6512858383193975	0.9467719483692364	0.42767668838106165	0.9689638153171309	0.12377998857535721	0.23149549518539803	0.5933327395342046	0.3390088037332003	0.1342363011527622	0.07576641689839292	0.11113351171502461	0.6709741461766973	0.15755362274825113	0.9613924934625969	0.37483867164996476	0.7125531970824169	0.8912434626234467	0.9266122217869502	0.8800836083188529	0.8700286135807134	0.2725625445249896	0.12478278025489142	0.9339974698757264	0.9596423295740069	0.012895511393527848	0.6645303822437028	0.6323610796092618	0.29023130526109353	0.9343494744506075	0.2503572543135204	0.41986118173070264	0.807608621801232	0.5773528694451543	0.7755898002746578	0.04309203500579206	0.9985674997914898	0.652836497146296	0.4749414227258366	0.6618025265033569	0.7511925779469454	0.7082760044237412	0.3590622276603884	0.6872422888096315	0.31611177253905165	0.6046528442824067	0.898363773747423
Gene42	0.935014098072942	0.224369951404624	0.002406192361071202	0.0592376165819507	0.06503158814569043	0.6904126357271719	0.7334355860206839	0.06998363220511494	0.6785105303978858	0.4110632063027321	0.859986681115035	0.2736027390561595	0.9831754255922124	0.8423112419849315	0.4922229141370449	0.7641439217910986	0.8750646655497427	0.3785641603351414	0.687353888170021	0.8848823940590707	0.274938449620425	0.7135255859078847	0.9887217881463835	0.3855319778732781	0.28400751279255276	0.5737661398103916	0.6393609044407013	0.5874257204942965	0.24385735850217516	0.7917952473040291	0.04923195793242008	0.025287551820365017	0.5795357716603551	0.43186626267400374	0.6335853501677667	0.64097531375076	0.33709717215741697	0.15988683644796675	0.4652212980686141	0.29025797910018514	0.6342974466613559	0.8226691267938457	0.7503189299039927	0.027647243695189005	0.9910392748599262	0.22610698588712752	0.43397454202502916	0.03252075673938515	0.7142703084405133	0.07336157270827348
Gene43	0.2578016784598909	0.31517108129849003	0.7581585886531874	0.657001783494592	0.33136682080031743	0.6972885075383396	0.838441736133735	0.815347380082123	0.6828620331701416	0.3268471211924825	0.5471535113431497	0.1638702553867395	0.7393836893190839	0.8064522277076057	0.14515767953442837	0.9438002641941591	0.264801691022741	0.05708243566588278	0.6129351761544862	0.11725933599507488	0.08486533452250333	0.015109558782682053	0.33029134362906654	0.6529367137373815	0.0720689467817951	0.6311401410831449	0.1311546210441713	0.6166726623821861	0.6748335635974295	0.4584585473919006	0.36341647874566674	0.1480799459510571	0.19472047332591458	0.8428917154975497	0.42929214946119143	0.4001027497949333	0.267943156413903	0.811042952343835	0.5570898044024167	0.6037030083865514	0.8733791411047065	0.5819246671215301	0.7085584953152664	0.5412959705184471	0.28480562147659716	0.48197800968980864	0.9271297664478614	0.9195641234455089	0.6739912997078695	0.8612206398948855
Gene44	0.9075206688878654	0.3144081341764764	0.5129930870257131	0.9105887707723866	0.7858266142022284	0.6999714956885299	0.7701111313671707	0.055855241521449495	0.9485126172586745	0.271588728813703	0.5153533571994209	0.30352718440810067	0.31552229791613473	0.7944964589288781	0.6084894412818294	0.7536058487325108	0.09642907624067076	0.21451016387896615	0.20254139472558108	0.3891636662964806	0.24925203951634733	0.04801884077901686	0.5593388331717395	0.6708293166953042	0.8051701119450894	0.3682181646950319	0.6289793251740076	0.7930490640786895	0.7651194412110913	0.7099432347957144	0.4696235053519586	0.8703000209252998	0.7361501094136688	0.2506327772339838	0.826758900301195	0.5399723985185356	0.42032826914682886	0.29774156308011057	0.555681848304925	0.3843455156822738	0.6235166753668312	0.6071235727496197	0.2867309103951595	0.9106808859641323	0.7998326306342414	0.46968795052645584	0.8949349371307127	0.42813119617895423	0.2609793370489113	0.4331467507378961
Gene45	0.7315021908305944	0.08526142961033045	0.035153826652538855	0.25725687912603623	0.7936597648213672	0.6442928065176289	0.46271939746698354	0.4203769336011999	0.8629206869814152	0.3796068252320731	0.873305801344458	0.9756271292440664	0.8869347411413399	0.5034281776347497	0.9515493601585716	0.8971300662895025	0.016066253329423463	0.49962294651708805	0.9950405470985412	0.6055148095920058	0.36303938394396706	0.5109102598289508	0.9590723723245596	0.6254854133190333	0.944635791689483	0.8582397144140956	0.3325767690562478	0.16319065436988978	0.2633287382215994	0.11574323448458668	0.5231644963852843	0.4906164550676573	0.014136475305836949	0.030356867999976167	0.08906355799513277	0.45281733841494765	0.849668896684165	0.8004900125737865	0.04451183547898707	0.5514317291575154	0.07910082900069049	0.9059731684202749	0.0219775845874699	0.23687540084428438	0.10596427859213542	0.3241620997541387	0.2273295484852601	0.11667717187608073	0.9148758876836472	0.4236631478492462
Gene46	0.5327772187893349	0.6674861066935854	0.856301425806565	0.43496995581884024	0.448061365247584	0.18003577650846758	0.1904579387725971	0.09098548582156585	0.28533441796585457	0.435374099610524	0.7816400937803218	0.4268381978126665	0.471326461960731	0.7829293054275405	0.5145679550334763	0.4154776442208955	0.07254356524298222	0.12741984253468552	0.27710641869728103	0.0002316613283253055	0.977717540806526	0.23368134063465817	0.22948879747135476	0.4164617076403685	0.6338494150113875	0.7898250920934103	0.7297527456720119	0.25930571226464005	0.14044087526981286	0.9041144130170611	0.6178062138816536	0.16366302769814678	0.11958960037891853	0.37397114982168855	0.02821079620919098	0.2930870484968202	0.4544673621961135	0.22192741842250152	0.6933028110603289	0.7030500599221625	0.8991171578359609	0.9503534953488597	0.7768419174640064	0.23735072585332695	0.33793980118719147	0.662720743229409	0.294546504266639	0.6289821359233766	0.9231328136735024	0.7104785300660197
Gene47	0.6352349897299	0.99267587965464	0.2139752109207511	0.6085443348518143	0.06078465432855795	0.5840522328257416	0.9660176904448285	0.26050297015904067	0.6821460372076822	0.18526041320109776	0.8790352632948277	0.7590459294695081	0.14186889181234608	0.08952749154745387	0.9166832806587003	0.9489068068980125	0.1459886605209718	0.09072350117741423	0.228131317057767	0.951999880619959	0.9108458919058634	0.1579158041828318	0.48956108285443345	0.21234956797306714	0.5010582585940061	0.8794135734088879	0.6894581315166558	0.5611878449776064	0.943858437153317	0.6075126692177649	0.04836856046745053	0.4307664324310396	0.7918779849158097	0.6345038649213367	0.3144064908877967	0.5775203832288128	0.19636287460923918	0.8455317858445596	0.014679047694985736	0.3427295313389741	0.22682696891333487	0.8358403022377303	0.9826857136364989	0.27337689974383483	0.42323422277582146	0.5492715589841719	0.0762648530411083	0.6481676136735396	0.12791165231458468	0.09297337610573264
Gene48	0.20064587768793785	0.20613596873230056	0.998888297448219	0.9566492869815433	0.3304259809535819	0.79447501814915	0.21780215421849736	0.05355657350916909	0.6397853080836251	0.3543204411332993	0.7015563693929614	0.573752169146905	0.45465952241027463	0.865861180275227	0.6985866303034776	0.9200013378441384	0.3005032155431354	0.2168847403578904	0.6105822944024606	0.6407992474635513	0.0008342027394517837	0.04652231953013808	0.9096032370634111	0.7431450632469784	0.3767869030112425	0.007211510922544129	0.46298113976865696	0.07735331867635042	0.5198260981463058	0.8572427811350825	0.9209433393118521	0.2300320106985031	0.7336565630380757	0.1309322260925837	0.05186091166648166	0.9867901133627849	0.4422238509446256	0.9111857681867948	0.7781288463012944	0.29155624518630496	0.8015237821731236	0.6983030049569942	0.7943964368182784	0.8857095272446627	0.5845157835533794	0.8568285095414198	0.7275839005699093	0.22646802699986512	0.191275839578963	0.7945534755226671
Gene49	0.3200071242945328	0.16808503446240786	0.0976000031277463	0.1001992855435816	0.2102036843193299	0.6949744770111634	0.8137417510912762	0.6531852360168608	0.560707516346969	0.5305630846089885	0.7193036555994573	0.3501030583643111	0.7854699806535164	0.20714512176377264	0.7663118378729301	0.3184722427398061	0.23081511429670076	0.0008942476466855531	0.3999930352920855	0.7892430308989903	0.1690614858232138	0.49215593757543097	0.991747214216652	0.10571822704076017	0.9780262492481533	0.03224683869939682	0.8121867223209019	0.4236541140031198	0.9117121720256023	0.6196336654404356	0.522473443211324	0.48278490945900165	0.05842500532099326	0.2503734891371219	0.5362632454177785	0.6404507794950083	0.32057333585774606	0.3724283194271363	0.6932246759915108	0.28528981054343916	0.833180461376485	0.8347246965833404	0.7642095455904905	0.6257356865037531	0.6173746249524108	0.7492223724556755	0.44125315512735674	0.19392424305458744	0.14157064180149204	0.5467929827727346
Gene50	0.46836035612610105	0.8764123421117018	0.691910735542413	0.2605284698889929	0.8467526793121007	0.6697615172217309	0.10800081517073623	0.8659202603705998	0.06908966769229807	0.9634533195668752	0.8989294244632112	0.9043624767453747	0.5561233756150246	0.7055037129547188	0.5287688832570007	0.02367425259299394	0.8905309834138649	0.6197127920571897	0.17632719330480673	0.3812031267583019	0.4997892059733532	0.4695956708496929	0.9875430245983519	0.44487654253415954	0.5735722698470321	0.3555500528138573	0.5544530716235754	0.8035823988071894	0.8047066419478653	0.8000905524151964	0.31672145946856844	0.09882797593792392	0.3774238603222404	0.8853903324481223	0.03014392871575644	0.535814619775502	0.5838732084157273	0.9792172767014592	0.08264010358568963	0.5925665442402445	0.7050503911623719	0.5887841252807868	0.20457258010887192	0.25651713859863723	0.6900365932302472	0.5469734926017771	0.9179064390028197	0.3045123448995761	0.7172883150783842	0.7108663439998358
Gene51	0.03820182346351031	0.28076264200693335	0.0735825936338732	0.6287357977596194	0.13623195630427076	0.6712064493243542	0.3211451655426676	0.8357452287616074	0.769190439580379	0.43159073445112206	0.621024066245334	0.34296601519025227	0.5582297750069166	0.3356053418970526	0.5980150779962953	0.30464544383831027	0.702951130216047	0.05559592193214202	0.06120550722802909	0.9935605634774239	0.7734428697428395	0.534586295121979	0.30505575814663166	0.42893782723635676	0.6749712649606736	0.06614801992184038	0.10667904598735123	0.18490489303982605	0.0016712093586672694	0.0758874985803798	0.8945149926276789	0.8092763632246631	0.24591563266484018	0.9035226335233765	0.4943599088632493	0.7120392951849418	0.1796095390110255	0.12341722929631294	0.1909081883029572	0.4610236415619696	0.13569720462473922	0.5325132634309505	0.5062392860460819	0.1821252399332811	0.2362611123963294	0.4141393165011634	0.22542596118562408	0.8604197571203706	0.5272751907863487	0.8045721575902737
Gene52	0.9171813882248011	0.9917301738156372	0.5157107300132119	0.41600576990106064	0.15177825451106408	0.3583282156679941	0.13312824006655533	0.5459017782432715	0.0006333816709486184	0.7723781782285315	0.4134919495367205	0.49311299292014865	0.24249850347420476	0.48972201761667433	0.5557533888844407	0.7537953584260227	0.15891361301972373	0.4224698320009965	0.8293641266900238	0.4301105468867632	0.5254334649665127	0.6555254018287491	0.10447153833092626	0.8594223412768299	0.7711639470871489	0.2371623881100784	0.02908847509078072	0.10929111229629873	0.4826181209201864	0.8979871981248869	0.3101728486164922	0.8589832212529742	0.05322748591186077	0.00034175620025944653	0.7382082740984935	0.4646280637483351	0.9400028320735989	0.4864486524774566	0.23139499181104306	0.18621310456824225	0.683631053349576	0.7575721967302397	0.6676905589980479	0.23149035012086638	0.8637898179799715	0.8617047749130486	0.9849412729988624	0.10577550130077351	0.6464646641930857	0.8666004636920893
Gene53	0.49891046286536045	0.6749315112487175	0.21633482170978802	0.7693302674542799	0.9536904603476997	0.2805361804172851	0.6357620262838575	0.975537590252573	0.5320846952304656	0.5012203077047441	0.11196884497742199	0.267829693832194	0.2589551562404707	0.4919773770317919	0.9022127144097204	0.18163958008037007	0.28017031881305565	0.8231056502640142	0.3024200303806044	0.13128033404938833	0.8431419106671266	0.3986394805960517	0.6963408432927216	0.13757120725339023	0.6353819041867803	0.47211649729429983	0.2262293945469933	0.3221057066137284	0.1906659822428981	0.9897571265921704	0.8016261960124346	0.5059755091680712	0.2580860947525866	0.22070887388189075	0.8143345069342195	0.6863414285119797	0.5217507442683961	0.4618780233840034	0.788967438680865	0.8488017858118381	0.25034502529324465	0.5181855870355004	0.19362338360272657	0.8438745801114573	0.15090320975525906	0.36916700127167945	0.565263135686983	0.08053838831200999	0.9189060108571909	0.8252631822987866
Gene54	0.5804671171409599	0.949843137996518	0.7424482035217314	0.10593203028921927	0.7667391916463846	0.20667076314813615	0.9191438180768395	0.7670305768907364	0.597438334258671	0.5284920291091443	0.9980591874716925	0.2650487103708279	0.765164498353191	0.9148663151650775	0.6894448497422789	0.1437905774198055	0.83186694329809	0.8087483845667026	0.31817747908180494	0.9126568556300947	0.40940796262062806	0.32079775755048145	0.7805064590267147	0.42217980719611903	0.4777041184980164	0.7122260310749217	0.4143104289440317	0.5956073261865924	0.9232203385899973	0.89745132999881	0.8425501185687886	0.9759276261849121	0.7009387526390577	0.22476123997268305	0.982158918275915	0.18724546698225308	0.639363535783241	0.7340271790778371	0.49409214248344446	0.7698533785733521	0.5861717963097154	0.8460497576152052	0.6399737191329842	0.5062534633662925	0.6362690222453098	0.12447341296658909	0.5742332813668134	0.8966282133509965	0.553574921646641	0.5670702565810681
Gene55	0.792291925658854	0.8145973478952823	0.21025153925612627	0.599481585248745	0.55114764707772	0.09722351371368587	0.9082764986639391	0.28029336491809365	0.15437995524675396	0.10609569825593035	0.5901062730617176	0.43250639645961075	0.7180424559544978	0.9272259753055035	0.03185404823710991	0.25006160610131467	0.11719121045487457	0.5172973553422788	0.11506112526884982	0.9636117987987276	0.4561403107880494	0.8096458104226124	0.24713482607217407	0.8961866458405691	0.10007226540873204	0.9716036053524119	0.5574043265958306	0.6453231569368787	0.0814185288318956	0.4609308654470454	0.21976215286271072	0.5539235084313568	0.1712418965416751	0.0666855317004289	0.7875082430848028	0.3081559272475064	0.29383935679124784	0.6263155359668797	0.3919562627689215	0.10499235041051913	0.038064159005595566	0.8054479131940413	0.44532423209882843	0.9840036096764642	0.7746296896004413	0.9957531345097261	0.25628870936548986	0.24853408273413402	0.5332219337786867	0.5056767371997749
Gene56	0.39099911540348686	0.3781646466362547	0.01155000755887492	0.7336009251325958	0.9379034698518908	0.028599388959902106	0.7012984536049429	0.02694794156253988	0.597575379009736	0.023551329158298495	0.8922876256492546	0.18334216461140773	0.06841699507886645	0.8388779055580188	0.17662205230524308	0.4247589200076286	0.11809877190299756	0.9884984655880771	0.29750178558023777	0.25658041938569964	0.5276152188456525	0.10547571253216026	0.9967249275754266	0.324967219739141	0.5751451445975682	0.0499012152074263	0.941780061306767	0.7562103568779389	0.19781782759525413	0.04718660061323787	0.10056540322669649	0.9454179621088793	0.086992241745108	0.7277648058283855	0.6030557876962144	0.9542298190160835	0.9781278014819104	0.47263557544453394	0.9110272705694774	0.9507046658235856	0.14139847489327473	0.15897904678132901	0.42464451561431316	0.2642888502867079	0.9708474042896809	0.5090954187151461	0.22822003641989597	0.7023376325896371	0.9476774701471249	0.9814857654537178
Gene57	0.9471295661104032	0.5918759835985349	0.4597256479785541	0.40811991414481197	0.17773033213228862	0.9773861327813134	0.6935416532231474	0.43122466225719536	0.48211836502943595	0.6548820281099665	0.0963186593846096	0.9390974354892121	0.8234662248418575	0.7106240239826046	0.06865922738506935	0.12568896437667187	0.5910227878561303	0.0538937017965746	0.24196238725752484	0.054023628956011205	0.017210885737056092	0.9780299833258387	0.12327129972676887	0.3476198893473612	0.4309233583848857	0.014018824148867792	0.653476308736841	0.8326480856887853	0.34344749276802256	0.8895252894109497	0.8660528321215502	0.47009993296754105	0.3224527252566117	0.5827140409071365	0.14730196077789304	0.7301362201584527	0.027415039451023415	0.47891786215250887	0.7081010066274338	0.8297561657078427	0.8668561732080899	0.36224562580938624	0.049743146708311814	0.7512262455469796	0.8910157849119483	0.7682248925853897	0.11354381744101161	0.6620905435006681	0.5640411087727444	0.38528818140732124
Gene58	0.17421201234537886	0.5900088041638589	0.566955635970161	0.46288266838124714	0.7943900875098228	0.6377696978573771	0.7714296375535359	0.16795376925983518	0.7193066629137127	0.09487608876428044	0.5853948711233501	0.7451769679641972	0.8883966569197759	0.7320216802509107	0.6334141423122837	0.7298851404817841	0.24303855989358913	0.21265983299410385	0.7663438714691098	0.8444861340901401	0.7461894642971815	0.8367414050098523	0.24293438644987142	0.8793570075696268	0.6516037325202519	0.0006590617228655615	0.2994925888413884	0.4104233067139783	0.509754182152115	0.7615775306704621	0.08546287382112983	0.158021713003331	0.8992910005185598	0.49131035719424165	0.08162598629331774	0.8585136676922165	0.3445684894728379	0.21708010026585456	0.5821106239819488	0.0334848645153204	0.35220598972660444	0.2795950136938774	0.42361718927054126	0.38004895290138774	0.5249530214857256	0.5034528694704371	0.19589281748517218	0.3655141218043738	0.5033382329314959	0.8357522465012479
Gene59	0.6868427801431906	0.400520083224018	0.5604270724682776	0.6445654926423524	0.365817183080027	0.03252137466866134	0.6022408152806723	0.058609601818867985	0.39165454824646817	0.18586263069290465	0.7140476214876015	0.8248764377182444	0.36066580228377476	0.7427429143599988	0.7328251534228313	0.5229911190764938	0.6505908123213482	0.5069923567674791	0.7113058421796976	0.9377443414290432	0.5757936297360593	0.41417137074663846	0.467728448501589	0.6365787606373701	0.1297090197378833	0.5047192973141804	0.9368735472334151	0.0010710919326302193	0.6844094415435131	0.8489155103595335	0.8961545841697165	0.2663870324913714	0.499895948220488	0.5579692117266359	0.27794476332296403	0.6908063169461233	0.9831412718184555	0.2947907909605687	0.09109999093063315	0.7709977776807356	0.869458423575469	0.7169469315657931	0.9966680692524414	0.35685555225636045	0.47911355681862655	0.5348853437706291	0.8319044690144665	0.43848967542814066	0.7646971554766825	0.6255959237123567
Gene60	0.839030773168358	0.21283963700528152	0.23468516502746672	0.9851294788958921	0.05848911919499711	0.20397028960908004	0.8379141539385073	0.940220537251483	0.6272961340607407	0.9632416109189238	0.04981498457640887	0.8695898696288125	0.6414711791264888	0.1016439334272572	0.26882150022778994	0.0006123881205984949	0.9361754748632494	0.0799302572875572	0.7821241315918024	0.547316243037674	0.5210723710078912	0.8629003500050665	0.5164983017111497	0.44358972181017764	0.23945507864789706	0.7106697104845693	0.22491219411909447	0.5295683772007148	0.08060582029421814	0.34951074431841234	0.31673486736743484	0.030410250571647368	0.46717679013778635	0.9472324794130483	0.9070350236851882	0.02919594056005137	0.2968251272441821	0.7581339591426035	0.11173328577863817	0.9595950288744913	0.27684396465330807	0.09947721936704346	0.1458818810327316	0.805014737770368	0.18080448642893165	0.8581813630619997	0.0824158406724218	0.1412769295953773	0.10858958501918992	0.3400769645077959
Gene61	0.051858289212387	0.08725394811494502	0.3411421471273226	0.7697194259440173	0.7820867310878427	0.46561503362696166	0.6059596516886799	0.31641837593924005	0.6094128438844791	0.531453749848079	0.8424277168565416	0.19995376266959342	0.5191026507607028	0.9462272979847725	0.8121249400430142	0.8976172669849786	0.1286953962518752	0.5876797630872045	0.556899041956434	0.09267678909017829	0.6577403055992352	0.31905837465232767	0.33197819605425993	0.5668830636113824	0.9489786705886483	0.16861899498071897	0.07800268620027884	0.7937390638654874	0.016855337278156135	0.5057969946367817	0.5988408215112015	0.9763745988867933	0.8508722857328423	0.34275506892160257	0.10314935011006432	0.15427745994101927	0.14599096700444392	0.6738503852535753	0.7174103078839958	0.4515945499743522	0.668908397418785	0.94337072360222	0.8505849017687002	0.22023869145116526	0.9066757903656689	0.3930188684119751	0.13492850545915402	0.8062666360146032	0.5600687940665011	0.05427362904424393
Gene62	0.019450293906233096	0.17886762345051566	0.16804715078639232	0.3844444958733092	0.05185265023959007	0.9531434387780009	0.543509970687306	0.22553859456461034	0.008198309975547158	0.03593569160299792	0.9178989240553748	0.40137518754215296	0.055803312905031044	0.402835287701779	0.05596508551873236	0.6839415687671828	0.04753897327156886	0.5716415877442708	0.3173713422992681	0.7094605737806267	0.08372022644176491	0.881064279297987	0.49061162117652823	0.9245535288523962	0.10403632253473583	0.8909408817902839	0.48527544760892705	0.3557443722815842	0.4012052703227862	0.8125035736110641	0.87970302216075	0.17038208319639414	0.3903886966076282	0.5786398615177524	0.3412265371881543	0.6655792005962345	0.13675557274609373	0.7523303540801095	0.6622292481667674	0.539113631172633	0.6080559195535136	0.5949450931750174	0.9215047708826762	0.6729198411625108	0.1644175306545247	0.2088359071404412	0.393395769064543	0.48160321492578695	0.15876923304070345	0.2927825986104867
Gene63	0.186185794554921	0.10969790246152322	0.5341064814096963	0.04601948744943907	0.5778020051512875	0.14309459823552895	0.4982967879079764	0.48125625507571634	0.42864391681110836	0.10352538985685544	0.30360293202475463	0.3503434266995604	0.24185914548330767	0.3449204774703424	0.9641494934463262	0.9224060398432373	0.7405931146144686	0.5622978373893137	0.6852370107539132	0.27477450617205645	0.34995758741296024	0.2089756586409962	0.6336711164909625	0.3869050300827277	0.6359044046830838	0.8633550190113559	0.5743744581364623	0.8737061334906623	0.9917423002936678	0.15489392850196304	0.9769423358597188	0.06665081018520247	0.8448040850327841	0.301884113190231	0.776845532909152	0.4979590507312527	0.40305204238080905	0.8466561132424258	0.6904695491131	0.37374825940927536	0.26736720982660933	0.3321194579518312	0.09870832946387065	0.06645035812049127	0.8066099188972444	0.6022820175235922	0.37342219183955927	0.7857601021818188	0.5653617704751457	0.48145809227007863
Gene64	0.7284159125374049	0.22474256951069937	0.9530267485833365	0.3605756956590519	0.39125992376860697	0.9777025149121118	0.16998975578532516	0.12455844586128728	0.6594594863582446	0.6823140262095398	0.9802951477940048	0.6577238245528519	0.16725783995759302	0.6548766910239222	0.16187847044003334	0.5778966452653891	0.9418621163909991	0.8852025348834274	0.7818115301850438	0.20181965711331884	0.16540722271147235	0.08592017660693818	0.8861729521365057	0.6303895177906703	0.7852052586681689	0.8994764582030321	0.915055874369813	0.3697611299655681	0.5300981980041614	0.021322539593178425	0.2033550612635422	0.3927466194070296	0.9383423068459537	0.24224958408324182	0.4585650144631941	0.8359820204377478	0.3243969547825831	0.3609052419978105	0.007872679602947352	0.6887094646275923	0.8893373520483585	0.37122549242999636	0.42887221392229036	0.7522515367956015	0.2293618818931351	0.8612311903676204	0.4355049514057431	0.8424863924669687	0.08795716056215341	0.4177107528269053
Gene65	0.8664900644041178	0.6875334260924365	0.5639635617609057	0.8213763986354232	0.17056214794485058	0.36016258344131447	0.2617506148178683	0.801188127243821	0.385678451177745	0.8036242491054958	0.9030097279503141	0.7438471898458973	0.618960918331475	0.2707704063541968	0.17205329918412193	0.749257871816216	0.9253989778557614	0.994865878304825	0.574314369834072	0.9160137773094741	0.9745630217086273	0.7225787403452549	0.7192229190592329	0.11030286676339285	0.5194972815532533	0.4506899403629776	0.23875673323997093	0.29974471255462387	0.6257649983969067	0.024541440843281137	0.43845754627356226	0.4793407016368405	0.5214322434631845	0.5144770276281856	0.08324952924495177	0.5450833998699993	0.3164962186998218	0.8048520120228269	0.5157272426036182	0.11275929172373511	0.30046533247020624	0.6237442904822449	0.9703379004399247	0.4327084297354764	0.9955620095915583	0.8107408939581942	0.6165755755496185	0.7816692017572213	0.37589970177490817	0.5541184743893803
Gene66	0.6546071918869623	0.36355956669852374	0.32381008996333327	0.6893999999942864	0.9375623315799425	0.7935551885272787	0.2564362575529666	0.5174629394481918	0.34923242306229396	0.9472772135422409	0.1643094574719297	0.04695241559119523	0.3295353453144013	0.9338259876055028	0.6227463928392253	0.3458343832852173	0.5042043808567618	0.02531965575531514	0.0351103601284698	0.4621473627258461	0.3502282987527502	0.6936416423623519	0.012080934119525821	0.7483072612529337	0.35389980579451163	0.2613801502720543	0.7861384270135114	0.4898640074641021	0.3405465866265982	0.8070847790951339	0.44144262525145017	0.7242506971961727	0.3233920806510452	0.1285313682590794	0.3199482059666965	0.5765622885441359	0.1942772217962272	0.6008185055169245	0.0004210333216763118	0.4976760397983718	0.5350351816666563	0.5626620032066778	0.9796165479442457	0.5245210578550104	0.6728841437878269	0.9421659520096889	0.9386408616547797	0.9421533364824646	0.38993222293720686	0.5568391191262833
Gene67	0.23848883172132096	0.20808962615206095	0.9508962357897444	0.927245258855902	0.6971473030716163	0.9430142448883395	0.5139891312377664	0.9577499246434419	0.5111313214632763	0.9081559705483396	0.14002688398274787	0.5103202696625232	0.4456418108134461	0.5355803895443083	0.828057520036504	0.024504978747521	0.1872345892621493	0.9993819072160901	0.4672033488267602	0.3091083570294926	0.2506454185152296	0.1815840123589778	0.6473857121967669	0.7801523184072375	0.7786902265904173	0.5187681021805417	0.04861357124267507	0.060627258016811125	0.9560922801711084	0.887467827649555	0.2679046621210647	0.20583294185826684	0.18627959261396487	0.8718912087014931	0.54355736974023	0.7394754409940326	0.45849657075930284	0.6442524931027714	0.069863734190449	0.3594280149228025	0.37788524915839605	0.5577576704823434	0.08942759161824088	0.20642622300389335	0.7095129752360018	0.559405966136795	0.9178070089722907	0.7986850965595721	0.9925578909324213	0.7805756610404138
Gene68	0.9559766367560473	0.8450900721192763	0.03593192911474641	0.8701858160783934	0.8576555612583462	0.20659019301595727	0.6142542927753124	0.22537032800714119	0.9172014850011279	0.12130623632895599	0.6285961337418245	0.1789576046963326	0.19945248905534907	0.04432798392879256	0.7255714815106998	0.09837504468507208	0.9423938429288173	0.8836416917386846	0.040164321987240514	0.8353972610973807	0.23456328053839415	0.7667956476465129	0.3403060091406007	0.21607846584230683	0.4391055189134331	0.25612375920866604	0.9184172242627782	0.0666625925076052	0.29316991812176196	0.35244739895923527	0.3436339767840908	0.8888601286947704	0.503345157338198	0.37802685872329433	0.18493165734718475	0.12157989006153702	0.07707548060029401	0.34581352499978035	0.4370034285024248	0.43296939512892896	0.3227056494745473	0.4257662269233956	0.6560444987610009	0.2674176141216127	0.23105664989639563	0.8951961843676756	0.48519733250283104	0.6860000544893886	0.3182386611661341	0.25690989315631796
Gene69	0.903914008953281	0.7770564971283325	0.6916206744221494	0.4990475260780419	0.835612497744307	0.18724379977056838	0.21015583602037968	0.5865381583149928	0.22386993130151878	0.31303011374972534	0.6072777406873314	0.36230654055172085	0.46321615779306824	0.6903377938214985	0.3204681853267801	0.27813375330415835	0.32034214263959926	0.25572823210605433	0.12880249833533197	0.8742957008147304	0.7617427994927195	0.1803868388237586	0.6196414854048691	0.10303502914554474	0.9304502540907551	0.1133535956743682	0.4507169319686386	0.11140580646759213	0.8101545181692881	0.027896374583596395	0.5300679215418487	0.7870572769862626	0.5333589517900811	0.7652773821564348	0.8944412439964111	0.8913779275526162	0.25764840905113207	0.28399879600954114	0.2506521511627372	0.8893050027423919	0.10694684121088704	0.2357161929218352	0.4072934872077175	0.28828393204638236	0.6432011436900444	0.8849674043064744	0.04291744399428443	0.3745179793189025	0.6052716359713961	0.5607092300084896
Gene70	0.8293443584159723	0.7218683669449997	0.724288310436076	0.21730043968463253	0.38466397550533626	0.27530453080951434	0.16062737726318632	0.5270653312217382	0.4411749339970078	0.8274649362560418	0.012912071499815547	0.40215364234841555	0.281358564711769	0.12281676954372978	0.8344430906814692	0.05016228053174587	0.0635533076904019	0.2139191527904446	0.5092201126207387	0.23877648246776473	0.7424767286705952	0.7455307242542595	0.7560029067753493	0.2645843379880439	0.5850383928773115	0.7926994016046547	0.06722283630092551	0.5766071483914299	0.761653020904681	0.9826892646558663	0.24251795945429888	0.6847160217346416	0.15570748699601722	0.9314872001143731	0.8374488758561593	0.7618186232170981	0.0832941087931347	0.7127457723830055	0.3242784615321683	0.4160136440020745	0.8612495002315749	0.6617525885871272	0.9510038154062204	0.189151029266154	0.549497561378906	0.5165325107893846	0.5149701401069645	0.44700449571062606	0.0037043359681284693	0.886534612080892
Gene71	0.3362363886334131	0.13682011829648166	0.989186797336603	0.3778580083156371	0.5089463989462494	0.08378508275570062	0.2921115247033321	0.08211505333818603	0.502300772374428	0.6667494989764448	0.7936886051878329	0.11276191100177935	0.9568751158512856	0.677261539544459	0.5794990566066357	0.9206874381483516	0.9401112656316354	0.6000032853744789	0.8145879836694156	0.6048659341392847	0.10007816320415774	0.13658484893055944	0.596248454113296	0.06384414741947875	0.6164622141107451	0.5386003002558196	0.7125555761873057	0.7886577467190536	0.7613011601807632	0.8505011581722545	0.6668225954732636	0.24556538203598055	0.2742718610660517	0.4197857847314942	0.9294746552797649	0.4962199326245491	0.7301439046852546	0.9415319806054988	0.445508501556515	0.7458558115336086	0.9338650613170831	0.2411981168536539	0.20153768653109538	0.5853102363308662	0.49420350268244895	0.9448335299978257	0.920213927907889	0.9962442689438218	0.8927480975755329	0.9179494459635226
Gene72	0.45204492451019695	0.5080471057335756	0.5074316374540563	0.471252013542667	0.04304377307886054	0.5746869233377845	0.3826053854583491	0.5119670930145999	0.98228061978491	0.512981258879461	0.47439150484465453	0.38648134358136754	0.6666350823531616	0.24255695972228952	0.28372174936373307	0.15736269251161583	0.33383732283877887	0.6286224568115463	0.6503703922977209	0.8291421406854516	0.6640022955877489	0.12564246304455984	0.6291612361304142	0.49015740147635567	0.8058859435285182	0.11925376463165127	0.08118423847343759	0.40412151866752233	0.2491251011475485	0.4075033077183964	0.6237829551622965	0.04716748816590943	0.42977544892620057	0.6880254867808167	0.18451099460096976	0.35143786935664767	0.8158274187535797	0.6205289247867541	0.5331888978087371	0.01795239213087596	0.10431375342172522	0.9895874532213286	0.32029162608323236	0.6446357697372586	0.3746510846707616	0.10905278376417304	0.9585577086316792	0.09997858731404008	0.20943898452268683	0.7657478148642427
Gene73	0.5081811983414991	0.2918107577943462	0.389620863589457	0.34644636385919714	0.41699423728834395	0.6869606691540734	0.29846200107348453	0.26049672287609593	0.9856305878347509	0.8943873633579883	0.45434232828269616	0.32913396599765776	0.5505239701804944	0.19864471251092175	0.4747121038224429	0.17011745271502232	0.1117753116542125	0.792948317355133	0.8075639150156751	0.042001891221484566	0.1829912158499537	0.04553072621488241	0.5001223892251457	0.795371351934152	0.6501268051386284	0.01251746637643425	0.18552523272989296	0.595989280866281	0.8043944178121765	0.36571459226157954	0.7033901063389454	0.31086734932206284	0.5343208481509639	0.2051675345192152	0.992219677609253	0.04025844605828677	0.6866976089418756	0.6896176916564024	0.24360758292284057	0.256088863999294	0.48554789281646527	0.053216614322363354	0.9436646888653932	0.20591451301057262	0.7719183606734904	0.5312677657095386	0.10931287494247888	0.8417604684324954	0.6736532078580538	0.6459446079546606
Gene74	0.6272149325309854	0.13596590756236981	0.7993310319013442	0.043819719573329086	0.6886635317152783	0.5935360840883337	0.418259408523897	0.7256388992835052	0.1331865054143715	0.9487459025396375	0.5272963836902768	0.48574414106041386	0.15294802112107186	0.9764198334229636	0.7073322389575799	0.8631237317224962	0.9150894125708801	0.333121727541573	0.3210618384653483	0.8581877613647975	0.30134183954874594	0.4095198522319182	0.639747955381733	0.5526079051515204	0.5855642767532008	0.5887532690682756	0.6164975792875366	0.9794915465089478	0.3966322645670364	0.33637399105804733	0.5080688712153584	0.00430103458618869	0.6806776560412683	0.9131511261902904	0.4592566141510256	0.10118203061394992	0.7661309053589789	0.6333719680661699	0.21743629963762	0.047022100601873285	0.11458810430932109	0.9791691933893771	0.3220656060291195	0.6392757519666119	0.2752675821239089	0.48388581971806754	0.9648652257419809	0.6392094451852168	0.26362280536503535	0.6375370476361938
Gene75	0.37415425915566103	0.4462231391858592	0.8483324421105325	0.07776830042924288	0.5544741978365059	0.7168772296992522	0.8985862473200813	0.49161686510597424	0.8964856260200655	0.496829767497299	0.9187105304702843	0.0925530237738097	0.5604636047712775	0.883126177289529	0.5267999329975734	0.6020806236621941	0.3783541946412211	0.9746437174902346	0.31886514929388277	0.10575740071953199	0.12375559917220558	0.059381587700422456	0.26054263011844536	0.516718014332765	0.5482788397617939	0.42736062584671153	0.09173575058459116	0.4042165518210413	0.07118014577635134	0.5161057636475416	0.6411364743675549	0.8032522709169272	0.239975361946556	0.83875709893902	0.23034643484895545	0.8021398953321223	0.20819975701444626	0.48277102643351244	0.5512792801232705	0.8695861802840776	0.90471881145072	0.5674462074221064	0.0753235773293851	0.12599789723270682	0.7813959370971475	0.7591753361861633	0.4953587503418737	0.0749715329285644	0.21223513614223166	0.4169965447188857
Gene76	0.9747142901071262	0.32501826178342685	0.23426616112149568	0.7527688488578163	0.6483678253690992	0.2924707517903604	0.7716134561801764	0.20269463826681522	0.005631249042630571	0.7884386012403429	0.4541143043778808	0.1174208294668928	0.25628574546376537	0.39332672491136544	0.86521917239331	0.5046273731068946	0.18443628906491127	0.5486545770221352	0.9551632662386582	0.9224987529837684	0.4777592074685446	0.30676153631460734	0.12267050175926475	0.07701225803386513	0.724393951450705	0.15270450276389724	0.4320928211167352	0.5680919875746072	0.6577387060986016	0.36867857771473567	0.22185351005371767	0.23379715275123225	0.0744516017806075	0.536067931313707	0.8479842585699832	0.31716307024103674	0.08510941777651815	0.08884055231743515	0.6137851487965315	0.017328054424331274	0.40675763726618386	0.9047233275270923	0.9964002721695828	0.8179048457898775	0.8064051735009539	0.6113111919036097	0.7679583219501579	0.871876330976705	0.7466122018729184	0.5069384829776462
Gene77	0.3007662193556879	0.28525704389268725	0.08828968024372996	0.06976906795548232	0.3026468639500689	0.6510393357907407	0.7641076008472091	0.9142422279078521	0.5104814265245746	0.0076366383982400254	0.4396911296057866	0.7910134107760807	0.29755072270312066	0.8405566047639151	0.5068860965173226	0.3401186537687573	0.5209483892533079	0.5318408978948632	0.5290445104302485	0.5826799993385456	0.8446086982262746	0.17690512517320733	0.6767323706902456	0.3587372186326605	0.5150341787961082	0.0392292541276964	0.3185773079730193	0.35963017475129055	0.43651093485766124	0.7881101948308386	0.4504096911860369	0.6920469926826963	0.5946564504393095	0.8420384474013888	0.11772225398633929	0.6333212708258187	0.9500049328678526	0.8156782284334656	0.32008456935890994	0.7229929103295218	0.04774257267342619	0.3324761786513538	0.9226089492097982	0.26063767303075924	0.6591842951257116	0.8415863076744288	0.2472474919915605	0.6843652661461969	0.2154457779139728	0.9682138954325391
Gene78	0.3611910822233283	0.12473000854535243	0.13748581169525276	0.16163458164513012	0.11390117932897426	0.6763635110990013	0.5360775456956565	0.6572642243000423	0.02450426144917639	0.26544578844126854	0.06465753803342289	0.689712269507849	0.9819974707047466	0.9132451762487153	0.23770533064788446	0.257707579755148	0.027307665143784465	0.42465767968021784	0.6586588871727479	0.8134595318968203	0.5459882566867496	0.9374061766098893	0.23353098684186546	0.3831959802990138	0.11675562757804625	0.4385790556305631	0.24787839891680996	0.48378534797628525	0.8199362957571019	0.4855302649290364	0.07232824743853195	0.07391213853540934	0.11511489878669579	0.6420054688746545	0.9892880170130046	0.7905717676149638	0.43463377987289353	0.277305699227299	0.8050258161788691	0.21098281555303366	0.7716469885649705	0.34732810554937976	0.31378938694140257	0.24319908482488073	0.21717037288361452	0.5774814384522122	0.29744475869345544	0.45537946887001346	0.9675033246439844	0.3848491097500475
Gene79	0.2443835425604216	0.2436511284212134	0.41163499857023167	0.4992062108652193	0.3850638013695339	0.7641929106273203	0.18017367983162602	0.5642405018937272	0.055243193025021564	0.15489742711747312	0.3091304220118706	0.1272192979433009	0.5080149585883623	0.06802019479327748	0.43405088761815935	0.3885303370220581	0.3028051189708353	0.09582012115781313	0.17382222075979925	0.5316754113443499	0.9283782476475981	0.1795248497350176	0.5593349816684187	0.43411854433407127	0.3730894482921978	0.8032123109043974	0.6692477638185315	0.09996073832447616	0.12382714703278885	0.6448231032633396	0.308723612855061	0.3848540956474845	0.853579152674737	0.7766620238179283	0.8109091511902052	0.19471832288924262	0.2976854289487366	0.35679708130234034	0.3468926938973558	0.8579628750280023	0.9939057142606046	0.7953937164142664	0.4884514063600691	0.41766418290031937	0.7541049523090811	0.9878361402586932	0.7254228488064733	0.405065609597963	0.47895494106977865	0.043084959884955976
Gene80	0.9033384604051663	0.9199542382228207	0.04488104205682086	0.007261630137458952	0.808568833756445	0.6470894204665206	0.27386064271280774	0.08411905149853638	0.19287512989193334	0.26338691085518695	0.6624069158569524	0.24262806704460194	0.7706125041259138	0.8697085279890514	0.042937111358412494	0.27859021840951936	0.28537531009478634	0.22934592509467644	0.1421177679271387	0.6069837933903189	0.4696438944883109	0.04763388900023846	0.12526399610603822	0.11707509506126068	0.41174696110263953	0.8817881211981359	0.9287892646484922	0.2703530265340638	0.46303418337191093	0.5748069307218511	0.7284056175859575	0.3345106118205817	0.08660881017866617	0.33235407179845944	0.8391630263643484	0.689101492669454	0.6984296594231484	0.8861839852385012	0.1783578290506943	0.3312005179984787	0.9414353147586949	0.2739401532941541	0.3144541863128737	0.3881704958754191	0.19398818484392	0.06317075750453638	0.53654555838457	0.2946802412247588	0.8102728964875541	0.7076857215350579
Gene81	0.7848218505449185	0.159936697149748	0.6655463028538141	0.4086021168897156	0.33591524856908206	0.33925924657143147	0.8539320029193085	0.5842194245396239	0.09045453541461013	0.5822557853075411	0.08364526071017075	0.7819653519384677	0.34796917644394165	0.5808103443748639	0.5015786790262562	0.09891902875860215	0.24257341409054578	0.2938035005926475	0.34754011069096824	0.7635305310733058	0.9417573648901587	0.1530493129312649	0.447927877929139	0.8080760690416854	0.36411481053006056	0.09449506576845113	0.570107100917207	0.8123368758395135	0.6266690693153635	0.8684309699919718	0.030081647925622956	0.7276857604396133	0.3789376799147578	0.5692694952184497	0.13168279519600157	0.9476495711029602	0.8339875110715876	0.6672503262310233	0.3125431097198962	0.8052332546845379	0.9343862567278788	0.6498272680789758	0.8167311486202692	0.6143675141276361	0.350875351661061	0.28459888582669035	0.5627047019660728	0.3924805679590072	0.9623298101633081	0.47999404129615264
Gene82	0.33950764226591523	0.56632644714265	0.3285008034199761	0.6818979316614101	0.7972019413503872	0.7794125926566156	0.20788050639539324	0.278698326499062	0.9826496743737391	0.010388496717993911	0.02367676880360181	0.4176924965711649	0.027633058563072077	0.626825585039433	0.13095991747503632	0.7076452735134331	0.9843007636426759	0.7379157050543519	0.12554113133784828	0.6357641085722665	0.6056878048779746	0.4548711212074541	0.9343235416059483	0.17793093104137814	0.4953104200403351	0.4404264466429728	0.6639498488625878	0.5464244746213438	0.9838973616819607	0.12431576709648895	0.07956817289009399	0.9802575434555902	0.7199021109919548	0.4804348571933784	0.5443613042306644	0.3528658147034982	0.9121531420149712	0.49547073457045454	0.29789904219769914	0.8319237226351028	0.8596492110091979	0.9890461148024501	0.9071945987644553	0.8607857530266346	0.719423717129079	0.049655474704295655	0.5983400615652135	0.17881492312498082	0.9003992041261759	0.46278070729359044
Gene83	0.5208307652182536	0.018863863278783533	0.7281594116551834	0.3527620571074406	0.6556140762553474	0.23261110775018679	0.02799315227122412	0.39319657748021897	0.10966675963522965	0.5289153287771677	0.2163610149938523	0.4137950621197294	0.31738530860741887	0.9805248836870282	0.8297162655140254	0.6247181753782203	0.2930747882111625	0.013217712341887844	0.15640854272599325	0.6755355803626053	0.018595632944419904	0.8439852170358341	0.7451001850353456	0.8778349949676151	0.9133749498823086	0.9249667438491229	0.3628179112061358	0.13377330317894454	0.3124484935715185	0.39536757407208223	0.6773457313032227	0.33879339126318175	0.6569669473092645	0.1475770271951965	0.7669904048920667	0.8704409511495363	0.9934074129337237	0.02917838372210768	0.5175899248720702	0.29797731959119367	0.02456202245983874	0.7145152445980676	0.5322610671520241	0.25096590135415997	0.9773348612353433	0.8749635299039138	0.8209182810141555	0.6162448118650006	0.9974445993373483	0.1179184120578447
Gene84	0.5843740630455251	0.18991444296131754	0.7042598022628902	0.8836699238395561	0.49383584930199775	0.2498824436319138	0.9343931820561747	0.8320449646635795	0.21140671091164365	0.5913898934298133	0.4381204966181381	0.6837246906169612	0.15011351361753322	0.9965975158949437	0.1192177445105509	0.6929457703591319	0.3938056285601823	0.5195239909946432	0.8545014572539267	0.14670844820757079	0.9478088754270442	0.49380691704935153	0.6452555844869238	0.33193880135171616	0.6826553617108293	0.5108755859622796	0.03044046881115503	0.8149621755519554	0.3478212917624566	0.9858694280197651	0.8458612788534045	0.2644365772838936	0.11665695231494966	0.7077288684478752	0.16087448722527742	0.6246698676233959	0.768527090743424	0.8291791620556298	0.29057206795424206	0.3626997921624081	0.4740945842024822	0.5716931917185402	0.2867738458963167	0.6319605065152157	0.7496117222346741	0.5156135635749877	0.3864416100363821	0.24201438596004432	0.025446403162563747	0.8349523225977721
Gene85	0.5096813941428046	0.2953355759308336	0.4983120178790392	0.8173280668856647	0.874143646013855	0.28010223706332893	0.602558295056898	0.655659244928186	0.8882854593465347	0.30599533555657377	0.38562814889367325	0.9427481330739391	0.5363816685552618	0.6684078489416982	0.20232254629016133	0.8290195225433186	0.25481695241162594	0.36617420426432845	0.3981759011674627	0.591231841847284	0.7011392904424814	0.871271449791122	0.5429316870578417	0.12603247223059666	0.34745614310247197	0.5114176391588457	0.04623316895237761	0.6510100920901946	0.838201006786968	0.9423778352466377	0.09094690930410987	0.516317514477707	0.6570763014826274	0.38279758246730666	0.8965222825664942	0.10725511090176454	0.7673448642927838	0.9249248048560095	0.022616124054695597	0.43908847868309864	0.5427365643896809	0.9629828745483722	0.3359890496558283	0.5868111593499685	0.9276221551511853	0.03300703916716108	0.13800131940506033	0.144597270182388	0.41155052521198954	0.7829265681839773
Gene86	0.6155767483167327	0.7682140900802711	0.7706713983719186	0.20222091097794992	0.3907578790499031	0.10431798445387852	0.014495835654035671	0.7245146580859575	0.5392396957914122	0.5853069742322534	0.8095440506803729	0.07140979661555291	0.44911330849240694	0.7689106599839435	0.8271529186296548	0.4986774989557269	0.29135304686490116	0.657637704214127	0.8570956766572181	0.03339561857844042	0.39240177872409077	0.8231802247430323	0.9589290935899809	0.9426443760814422	0.11265115596562147	0.6088943862784414	0.5422124364230763	0.25283740815981703	0.9293971441594523	0.022128284729645897	0.29317709524773705	0.9077955558209707	0.1109144441473694	0.17776927289202815	0.0738202838004055	0.2760948876422059	0.7866673745430748	0.43129391139317064	0.6572340449483459	0.08118005272455986	0.40317158931234576	0.888712209967858	0.8002697208462151	0.723607689686339	0.41343986095840013	0.8348065945062562	0.5851184856889223	0.5149447992060454	0.5115582849926863	0.5277433613283244
Gene87	0.7013125579879141	0.648513251082769	0.7664385663836645	0.6165235773870313	0.28817604722520795	0.41600660883742013	0.38259804175850287	0.939023034658792	0.4095430607668932	0.2709943172151238	0.08528438479864353	0.5120463739878132	0.9768280033494718	0.6685934686524769	0.278606971962442	0.5553403440545048	0.631885723150316	0.32435589806980647	0.3023294722995311	0.822692142936994	0.9968217807749038	0.5735818401551476	0.9079121385677112	0.4098220598056008	0.9616442855709358	0.22395149204461207	0.05879078199928922	0.024830750198849505	0.6431762222422432	0.4272064412263187	0.8676280539268444	0.6770370283148555	0.3776119716023929	0.5323955052207867	0.5021140142706633	0.5609148657581939	0.7857399976252452	0.18384126588387906	0.9991365184375626	0.595893758647402	0.8194255865629302	0.24408640523126635	0.29500682636818654	0.24580756759769373	0.7155019784142885	0.08289890373783648	0.010690836241804225	0.7091266825563112	0.4649924504918427	0.9406254986402752
Gene88	0.3558548010272966	0.25414994998761065	0.05188001328177627	0.2511566516800998	0.17202799730729512	0.3668572341463897	0.751385456828872	0.1151856241913024	0.7570924711759739	0.8404012015460478	0.46814951512357184	0.6444709908318477	0.1770113935692974	0.9344065358702967	0.6769906366781405	0.3901588622699107	0.8180099728213444	0.894052711540664	0.716998558609891	0.5850941413026233	0.40628623799310304	0.5518204552374602	0.3536476555957512	0.962875389057792	0.10508387413200249	0.831859049965857	0.995845990260751	0.6146858448978751	0.5100642406982473	0.2584631468104759	0.9518260627367164	0.031220751168467675	0.6242781823091718	0.9709300570836682	0.280457722029789	0.68572334685097	0.5938079586213988	0.31992999577336856	0.5803306239955692	0.38990834493064497	0.4238826400817344	0.9624423134369161	0.36446377497507365	0.6819880449842307	0.2810450686827245	0.670593627398813	0.6891952578070613	0.729597223744088	0.971167580234186	0.7829068710319768
Gene89	0.39790975387041416	0.13628158915209632	0.4169751029695097	0.5834740081171461	0.5252469966151294	0.029599864424764477	0.4026869797910587	0.88368684806331	0.04217357747292627	0.806418246506948	0.9386890588877861	0.14331510456596241	0.6311374956856934	0.4262521034785114	0.8696961241420327	0.36307800202653195	0.10546448353401494	0.28938591792409385	0.7232252581734175	0.7630775817759795	0.06448381321127672	0.9871202329681439	0.05958200181868112	0.7211100743260582	0.4353834174828334	0.7386451054619937	0.7644144652119723	0.9093548525718127	0.9742134159671336	0.9799594985578093	0.011722250463502948	0.026340375284749418	0.4775595692939607	0.2977639535259421	0.707784786244707	0.8381330888838029	0.6889937074117654	0.8894829426467266	0.9796322820018359	0.9954211952532072	0.6189419732968571	0.7376257438394642	0.4346931761348556	0.23894763680269937	0.8157050456330397	0.5920481502167529	0.8083379623347244	0.7197879207768748	0.8855328274748304	0.18915791482040722
Gene90	0.37096122135234844	0.7989622086007656	0.19249887091381446	0.4932320433079138	0.613829911284403	0.18412993169819758	0.459811136501032	0.8292561073314695	0.01414226996183554	0.16123436238742705	0.3386357558523456	0.9653430311466631	0.16227136418996313	0.5445751674579049	0.15172390646836265	0.8191650975408888	0.1614923116923357	0.5353552882645862	0.016604705229754213	0.9177191574159568	0.06751285977287691	0.3899969492309411	0.27031718505527513	0.7398663177840487	0.09751147653135872	0.6467674871105403	0.504457366736142	0.5525480933853514	0.15976106836569604	0.8016006799059829	0.07217738569442178	0.9377394081782299	0.3005460345105674	0.8845980858969517	0.29012824355542977	0.8257957486243581	0.20520060549762675	0.343611243407825	0.4836691997227224	0.9682585014222027	0.8756036531587293	0.38115018532917233	0.7409105949531173	0.25738840228303783	0.10949560788283808	0.538547177096466	0.27651985796570955	0.6040836209451768	0.06130541294520675	0.048612670350912324
Gene91	0.04813865795704353	0.06079848506283214	0.4677905140928329	0.8947828352690256	0.9899482467147783	0.1772461302691527	0.5367590690672468	0.9373541858752155	0.7471529247886345	0.4965013697220938	0.6573958621483222	0.9936196807537403	0.11090111260249969	0.8000483342401078	0.9627794336213371	0.47175179517903887	0.049517567646692795	0.0035403313697587313	0.3398685699413476	0.4877597652657134	0.6666750894628025	0.22625561240937542	0.023437616311274834	0.15648371290369023	0.09055626896147706	0.5822144612062791	0.7844888595966903	0.8215534026981021	0.4120644864283791	0.20124178266748138	0.35922767557157076	0.8958030353916251	0.910302188082134	0.32544239696721544	0.285228142832779	0.8370997480291638	0.3575783196953062	0.9404397421072648	0.8661312681688516	0.8151527842719151	0.8803454297156371	0.5403690335679275	0.17097541859034315	0.24325417204178512	0.15621829297515055	0.5243643108696638	0.5956876616616873	0.3304206165582233	0.5091975214319406	0.061889628229452764
Gene92	0.6662237740776107	0.9474274885654173	0.38408221090720407	0.525226291099198	0.032187749373323804	0.42614414589063154	0.797790721968446	0.43496046622505324	0.08571576543787529	0.3249354271496697	0.7507647529656664	0.14990776825743923	0.7673037276089476	0.47504085052270706	0.3215223911639702	0.8602175412801497	0.4502541623838452	0.8857836637573103	0.11430511558453393	0.43243420897513074	0.02493484262601131	0.20497848957130937	0.9637795570330313	0.20385716890514827	0.14343509257041076	0.5162926555595914	0.23761861693088104	0.9668755341783382	0.043148422773941264	0.4002143913724534	0.8535084818977249	0.04294645745962122	0.09397896160609087	0.13010375324108914	0.341770161183078	0.11288856853226781	0.4202180363986776	0.23587578114199637	0.5332928270537277	0.8164443097151931	0.4781133398319145	0.5762814000596032	0.7431459665824678	0.20099723162415262	0.9797823798175593	0.7030512356622481	0.05111256270608433	0.7366513744924089	0.32875981336483284	0.6736431098045847
Gene93	0.6813876223104646	0.7770990356154742	0.8275997374483259	0.8479573753127809	0.9768311286458214	0.13567530061600774	0.24598903010113282	0.43042719128075	0.9935955951661658	0.9244534256554285	0.7348394947113438	0.49427247615858594	0.29220717844488586	0.05065198998256182	0.6136549913694153	0.30341916854860584	0.15543139642671933	0.05316731298120736	0.19636214100739935	0.7363790444935878	0.004962389793135902	0.9145832644956716	0.6146344386095317	0.5303692493733341	0.8389108480055247	0.5349004373446685	0.8651674444614498	0.10078855648492258	0.23867313341681207	0.14131358576515596	0.8588943978792706	0.6902473650698169	0.6613008518711507	0.137615458289438	0.7607420238061291	0.554838541301259	0.9633912809075603	0.3819255289725795	0.13063276919999522	0.22656009002439204	0.30167215265172354	0.542987193795708	0.4265150505127362	0.3407961228298898	0.18939107692497315	0.8056620604687134	0.6288271202662346	0.553002448430132	0.9125024890021923	0.013670075561188155
Gene94	0.5137929904751969	0.4312897121634226	0.869482014150504	0.07367041337774516	0.09453055701903668	0.8317199113490098	0.6590970109059463	0.9985574872092293	0.5289318923859312	0.3447765468612797	0.6754276694856205	0.39304188632574155	0.44548615753842846	0.7310066963472337	0.39018436537558976	0.24874632399345187	0.995893837014496	0.7559372271550746	0.9038663224306582	0.568625322864792	0.5182217582728894	0.33126667523105024	0.4380060892002725	0.7729154686651348	0.737017672379872	0.6153634193707568	0.7001027758076995	0.5408959905323514	0.7939942595452907	0.5047007751514468	0.17733506254835907	0.5885315650656652	0.22433651419017886	0.8476899737778627	0.6423620195171754	0.04316297219052345	0.271153210073637	0.1964403822523696	0.3406728849449556	0.41401400899426166	0.22638276074865715	0.7585415400470709	0.20719749029994217	0.21791543814229197	0.7661367190682524	0.4393160796738418	0.4095342537682277	0.985509851688462	0.8937621333115049	0.8720669695154943
Gene95	0.003365943807232652	0.5677731116114061	0.7684039690145379	0.29383963983448236	0.28580324721793005	0.33156927716465634	0.7300353027405366	0.2767736337284389	0.7785447706924651	0.7833877759581707	0.11504951643178996	0.4531112313977592	0.6214168826702202	0.8911797982928551	0.47939667051574797	0.057645232976767935	0.0499597627591003	0.8718239001723506	0.16212559118451808	0.3086324261485883	0.12320412995087981	0.7308683237450623	0.9431284850982553	0.5099013421670843	0.8677972818149914	0.2867448344405996	0.8815569530754049	0.7964538534327272	0.794532895475364	0.43257733145653654	0.8342026284608884	0.9839162294049537	0.3776930540451141	0.269659185713088	0.5969228345786445	0.14739362437580916	0.11830314514215978	0.5805327482340217	0.7966759660826551	0.024791490860399112	0.42497740022099484	0.7661357951016328	0.440430111128123	0.7412214722112425	0.2865270943946796	0.18873402708662523	0.7843217098288686	0.3007002746812646	0.15662781936818793	0.29877830090794855
Gene96	0.615719561527095	0.06177646870783715	0.8712142028466541	0.8363216334302658	0.44519310590710615	0.6622509850854514	0.6283722462951274	0.8379133856444768	0.07703274954468864	0.8781693609905334	0.855209828603238	0.48003522198791215	0.37341832496005534	0.26840061578181407	0.7079842964691655	0.49933136401494105	0.9290703480832777	0.004449467365201798	0.05793856710794021	0.9505060008968224	0.2965651735585716	0.939597800887285	0.6288956846543151	0.4488896132075848	0.7883805553007591	0.11798460059009841	0.1962721942612996	0.6982867104508858	0.5092590669504378	0.11617532252871665	0.5873646840365102	0.19324144004699784	0.8519547330920074	0.39139203957860524	0.8746454845036011	0.4194002192424737	0.08916460324272635	0.46365663407505164	0.8915184619818184	0.7166329898815756	0.4853054972754486	0.1368014104783315	0.3305358762197804	0.9736979606178386	0.6517714277212052	0.3559385560242755	0.21832469422645429	0.153077537224659	0.43019520624948115	0.3659555136469428
Gene97	0.6945358718633435	0.31155926072618445	0.04795260010920088	0.4429029099310171	0.24688884121623844	0.7059433232049339	0.9169648989238058	0.7912044185129163	0.4892246296317294	0.10605249101505132	0.18592070579672348	0.16861406222286746	0.03068051163674712	0.6840944132862594	0.6089958603895415	0.36872539709150065	0.5266378109790026	0.7370738983655535	0.7269922221692549	0.6140020162894527	0.8784770714171691	0.8923018665939089	0.06830736478681021	0.8446214057104093	0.09858502092832877	0.37923108664952343	0.5302735268523366	0.5062573716084809	0.2942917922054248	0.2738590399540328	0.3811572650917744	0.5101695279236274	0.9398703370402193	0.2513482016673201	0.405050250551523	0.11561458224273469	0.8325813759776152	0.0392003382517625	0.6923049435585337	0.5125545202647388	0.1920457494219142	0.6956029344627849	0.4210603918498922	0.17826057540351292	0.4921560697752606	0.6586239801497219	0.28644712750352175	0.20705980000182123	0.00047052167143413204	0.7499509459502884
Gene98	0.1414803483312541	0.7602628686950587	0.4863191559002418	0.4401687383637509	0.4126405947960946	0.4953110063203614	0.39297692200498235	0.14697458159062937	0.9593903021096247	0.7338927665132229	0.8188592658089748	0.4088527455105555	0.7268320723690478	0.26680838617408265	0.9466626641188318	0.018061387299148413	0.999922145635948	0.5908072939534901	0.2238367349572956	0.8964343520499665	0.051608819658024996	0.8775003779648729	0.6191207925980431	0.983108948670143	0.5444011894959094	0.3986481710943711	0.3273315904997919	0.07903180633363338	0.7844047767315592	0.7140192345783815	0.5670413354465801	0.08076134696887816	0.9498393364378326	0.8161442847547787	0.3010242500757372	0.12313066180096466	0.4899370046350322	0.14925353965262667	0.34196296283752614	0.17619297498842468	0.41401766862098177	0.17167924072942842	0.8517765301928172	0.42440954078092474	0.6315421872056394	0.7983901996750233	0.27988995753245005	0.7958033808601425	0.8548616417033991	0.5476772647238523
Gene99	0.8158185394955852	0.5748831477509043	0.09013496025508083	0.08769966455784473	0.9028240408373929	0.7392589789726187	0.3725312324179476	0.0026877200756447728	0.8233470134761647	0.48988414593638663	0.011407150690741164	0.6208928719990026	0.4510523227970701	0.43364071975095053	0.07949498913507025	0.2881062585045422	0.41065301714312696	0.61791740790538	0.20265593870083443	0.5869806999701135	0.766733379431533	0.2061114034982613	0.5842541296001688	0.5287678302897191	0.055043832942570425	0.05008637140666383	0.5103778140082861	0.40033262806225456	0.12914254476778464	0.9444540760594905	0.32990076325913475	0.13972868930796745	0.31709394885242725	0.886148113605268	0.7330492249860561	0.5332603198747323	0.7046454191449093	0.49585416432603246	0.060717328923186265	0.11780677981906806	0.23170235891982527	0.4749830437608503	0.8226755114973333	0.5166663919150382	0.3280743907245163	0.9363449476153315	0.9028653846693522	0.9749753269455581	0.4894553122745421	0.8658519753404886
Gene100	0.8451139633815836	0.8035617435107718	0.6184117268078486	0.7021917883371539	0.9837752376811877	0.8810968799318765	0.23227241876021587	0.6280779899966847	0.041683448429843506	0.6914039068496125	0.8652736742476015	0.08997494314761345	0.9617146681065419	0.9889048940600675	0.07380502104131204	0.10738645453971363	0.1038470793464018	0.16338512739940347	0.18488246570125122	0.243098987826601	0.967951522045115	0.19090463738221952	0.5660336716769071	0.7635543789525617	0.6067758773892383	0.4251917047831416	0.06553296626132699	0.5459299759296047	0.12955943230987887	0.4326725578256958	0.5188372656586998	0.5537892425856968	0.18604078547977887	0.2992493779675448	0.0052772640734671805	0.19643062694585767	0.6074581990468354	0.8272913417990295	0.4551903345487843	0.13440323332426762	0.8287658351333852	0.4067361532413959	0.8171222667570838	0.540691753253363	0.5506625246202125	0.0021801663358417267	0.8990647172569581	0.0018697380220255022	0.9138536736359801	0.11809707378811496
